#rname	startpos	endpos	numreads	covbases	coverage	meandepth	meanbaseq	meanmapq
chr1	1	248956422	155375	19355622	7.7747	0.093108	35.7	52.4
chr2	1	242193529	147771	19441924	8.02743	0.0905398	35.7	56.8
chr3	1	198295559	121188	15953750	8.04544	0.091407	35.8	57.8
chr4	1	190214555	112738	14789504	7.77517	0.0881854	35.7	56.6
chr5	1	181538259	106483	14123143	7.77971	0.0876	35.8	57.6
chr6	1	170805979	101535	13477659	7.89062	0.0888851	35.7	56.6
chr7	1	159345973	95908	12772734	8.01572	0.089785	35.7	56.3
chr8	1	145138636	86880	11571569	7.97277	0.0895194	35.7	56.4
chr9	1	138394717	73345	9783518	7.06929	0.0791782	35.7	54.9
chr10	1	133797422	83192	10914509	8.15749	0.0924877	35.7	56.3
chr11	1	135086622	81530	10919431	8.08328	0.0902235	35.7	57.3
chr12	1	133275309	81304	10811153	8.11189	0.090929	35.7	57.3
chr13	1	114364328	60150	7919872	6.92512	0.0786658	35.8	55.2
chr14	1	107043718	54315	7237725	6.76147	0.0756727	35.7	57
chr15	1	101991189	50162	6692958	6.56229	0.073393	35.7	54.6
chr16	1	90338345	56317	6810436	7.53881	0.0924073	35.7	51.4
chr17	1	83257441	52156	6734491	8.08876	0.092751	35.6	53.3
chr18	1	80373285	47870	6353680	7.90521	0.0890204	35.8	54.5
chr19	1	58617616	36202	4791827	8.17472	0.0916246	35.5	57
chr20	1	64444167	41991	5458005	8.46935	0.0965753	35.7	54.7
chr21	1	46709983	28741	3292442	7.04869	0.0908326	35.6	44.7
chr22	1	50818468	24833	3274827	6.44417	0.0725461	35.6	53.5
chrX	1	156040895	47061	6415323	4.11131	0.0449621	35.7	55.8
chrY	1	57227415	15467	1152454	2.01381	0.0376612	35.4	19.8
chrM	1	16569	5630	16569	100	50.5911	35.5	56.6
chr1_KI270706v1_random	1	175055	132	17509	10.002	0.112839	35.5	40.3
chr1_KI270707v1_random	1	32032	24	3033	9.46866	0.108704	35.7	36.2
chr1_KI270708v1_random	1	127682	48	5993	4.69369	0.0558575	35.7	37.1
chr1_KI270709v1_random	1	66860	1088	24266	36.2937	2.37332	35.4	15.2
chr1_KI270710v1_random	1	40176	16	2305	5.73726	0.0601354	36.5	25.8
chr1_KI270711v1_random	1	42210	61	6814	16.1431	0.218147	35.1	25.2
chr1_KI270712v1_random	1	176043	96	11569	6.57169	0.0742432	35.1	22.2
chr1_KI270713v1_random	1	40745	54	6466	15.8694	0.19811	35.8	29.8
chr1_KI270714v1_random	1	41717	30	3701	8.87168	0.108181	35.2	34.1
chr2_KI270715v1_random	1	161471	109	14293	8.85174	0.100823	36	9.94
chr2_KI270716v1_random	1	153799	69	8446	5.49158	0.0643112	35.7	9.75
chr3_GL000221v1_random	1	155397	164	20173	12.9816	0.158053	35.7	9.59
chr4_GL000008v2_random	1	209709	253	26134	12.462	0.165796	35.5	32
chr5_GL000208v1_random	1	92689	90	10916	11.777	0.143588	35.1	39.1
chr9_KI270717v1_random	1	40062	15	2265	5.65374	0.0565374	35.9	27.4
chr9_KI270718v1_random	1	38054	31	4175	10.9713	0.122142	36	11.6
chr9_KI270719v1_random	1	176845	182	23248	13.146	0.153473	35.5	31.5
chr9_KI270720v1_random	1	39050	53	6801	17.4161	0.204481	35.8	45.4
chr11_KI270721v1_random	1	100316	50	6623	6.60214	0.0749232	36.1	8.72
chr14_GL000009v2_random	1	201709	283	36432	18.0617	0.208513	35.7	32.3
chr14_GL000225v1_random	1	211173	859	44665	21.1509	0.542418	35.6	19.1
chr14_KI270722v1_random	1	194050	123	15915	8.20149	0.094455	35.6	44.9
chr14_GL000194v1_random	1	191469	356	41709	21.7837	0.278379	35.5	35.3
chr14_KI270723v1_random	1	38115	37	4403	11.5519	0.138266	35.9	48.3
chr14_KI270724v1_random	1	39555	54	6727	17.0067	0.19952	35.6	41
chr14_KI270725v1_random	1	172810	150	20055	11.6052	0.128991	36	37.1
chr15_KI270727v1_random	1	448248	70	9373	2.09103	0.0226125	35.9	0
chr16_KI270728v1_random	1	1872759	606	80085	4.27631	0.0479426	35.6	13.4
chr17_GL000205v2_random	1	185591	292	34017	18.329	0.233476	35.4	48
chr17_KI270729v1_random	1	280839	656	35293	12.567	0.25824	34.5	23.2
chr17_KI270730v1_random	1	112551	258	15247	13.5467	0.212846	34.9	13.1
chr22_KI270731v1_random	1	150754	109	14938	9.90886	0.108216	35.8	10.3
chr22_KI270732v1_random	1	41543	79	9331	22.4611	0.281106	35.3	40
chr22_KI270733v1_random	1	179772	2073	71723	39.8966	1.68037	35	16
chr22_KI270734v1_random	1	165050	85	11991	7.26507	0.0763223	35.5	9.91
chr22_KI270735v1_random	1	42811	225	13242	30.9313	0.651935	35.3	27.4
chr22_KI270736v1_random	1	181920	624	34093	18.7407	0.282064	34.7	18.6
chr22_KI270737v1_random	1	103838	82	7322	7.05137	0.0866542	34.6	14.6
chr22_KI270738v1_random	1	99375	75	10131	10.1947	0.108941	35.7	49.7
chr22_KI270739v1_random	1	73985	14	1704	2.30317	0.0265459	34.8	22.6
chrY_KI270740v1_random	1	37240	4	604	1.62191	0.0162191	36.6	13.5
chrUn_KI270303v1	1	1942	1	151	7.77549	0.0777549	36.7	0
chrUn_KI270305v1	1	1472	2	302	20.5163	0.205163	36.6	42.5
chrUn_KI270322v1	1	21476	10	973	4.53064	0.0652822	35.3	11.4
chrUn_KI270320v1	1	4416	7	1012	22.9167	0.239357	34.4	22.9
chrUn_KI270316v1	1	1444	3	302	20.9141	0.310942	35.3	2.33
chrUn_KI270315v1	1	2276	6	279	12.2583	0.39587	34.2	25.2
chrUn_KI270312v1	1	998	1	151	15.1303	0.151303	36.9	0
chrUn_KI270311v1	1	12399	5	507	4.08904	0.0561336	35.7	25
chrUn_KI270414v1	1	2489	1	151	6.06669	0.0606669	36.7	0
chrUn_KI270419v1	1	1029	2	302	29.3489	0.293489	36.3	40
chrUn_KI270418v1	1	2145	4	529	24.662	0.247552	33.1	45
chrUn_KI270420v1	1	2321	5	717	30.8919	0.325291	35.4	22.4
chrUn_KI270417v1	1	2043	3	453	22.1733	0.221733	36.2	46.7
chrUn_KI270429v1	1	1361	1	151	11.0948	0.110948	35.2	60
chrUn_KI270442v1	1	392061	809	75774	19.3271	0.254965	35.3	39.3
chrUn_KI270466v1	1	1233	167	1228	99.5945	19.4526	36	41.2
chrUn_KI270465v1	1	1774	2	298	16.7982	0.167982	35.1	50
chrUn_KI270467v1	1	3920	604	2854	72.8061	22.1069	35.9	50.1
chrUn_KI270435v1	1	92983	137	13679	14.7113	0.193304	35.6	40.3
chrUn_KI270438v1	1	112505	3051	23257	20.672	3.87865	35.1	30.9
chrUn_KI270468v1	1	4055	10	1510	37.238	0.37238	33.6	49.3
chrUn_KI270510v1	1	2415	6	838	34.6998	0.360248	36.6	58.3
chrUn_KI270509v1	1	2318	7	867	37.4029	0.454702	36	57
chrUn_KI270518v1	1	2186	7	821	37.5572	0.483532	36.5	35.9
chrUn_KI270508v1	1	1951	1	151	7.73962	0.0773962	34	60
chrUn_KI270512v1	1	22689	31	3028	13.3457	0.185729	35.5	27.2
chrUn_KI270519v1	1	138126	179	21305	15.4243	0.184752	35.5	43.6
chrUn_KI270522v1	1	5674	5	515	9.07649	0.116849	36.2	34.8
chrUn_KI270511v1	1	8127	8	976	12.0094	0.14864	35	60
chrUn_KI270515v1	1	6361	18	1605	25.2319	0.423833	35.6	49.6
chrUn_KI270507v1	1	5353	8	1153	21.5393	0.224921	33.9	49
chrUn_KI270517v1	1	3253	5	614	18.8749	0.232093	35.8	44
chrUn_KI270539v1	1	993	2	50	5.03525	0.100705	36.8	0
chrUn_KI270538v1	1	91309	136	14485	15.8637	0.220427	35.4	41.7
chrUn_KI270544v1	1	1202	2	291	24.2097	0.251248	34.8	21
chrUn_KI270583v1	1	1400	8	878	62.7143	0.862857	36.1	60
chrUn_KI270587v1	1	2969	6	897	30.2122	0.302122	34.5	23.8
chrUn_KI270581v1	1	7046	12	1479	20.9906	0.25518	34.8	5.17
chrUn_KI270579v1	1	31033	12	1343	4.32765	0.0489157	34.7	14.7
chrUn_KI270589v1	1	44474	80	6741	15.1572	0.210033	35.4	15.7
chrUn_KI270590v1	1	4685	11	1169	24.952	0.342369	36.2	51.2
chrUn_KI270584v1	1	4513	8	1021	22.6235	0.266785	35.3	60
chrUn_KI270582v1	1	6504	10	1250	19.2189	0.232165	36.1	15.5
chrUn_KI270588v1	1	6158	20	2108	34.2319	0.474342	35	49.8
chrUn_KI270593v1	1	3041	6	715	23.512	0.297928	36.3	53
chrUn_KI270591v1	1	5796	28	2157	37.2153	0.631125	35.7	44.5
chrUn_KI270330v1	1	1652	10	494	29.9031	0.822639	34.6	39.5
chrUn_KI270334v1	1	1368	2	302	22.076	0.22076	36	0
chrUn_KI270333v1	1	2699	88	2378	88.1067	4.64728	35.8	19.1
chrUn_KI270335v1	1	1048	2	302	28.8168	0.288168	36.8	0
chrUn_KI270340v1	1	1428	2	302	21.1485	0.211485	28.5	0
chrUn_KI270336v1	1	1026	18	769	74.9513	2.2271	35.6	12.3
chrUn_KI270337v1	1	1121	136	900	80.2855	17.8073	36.3	28.8
chrUn_KI270364v1	1	2855	2	249	8.72154	0.0872154	35.9	4.5
chrUn_KI270362v1	1	3530	2	302	8.55524	0.0855524	36.8	54
chrUn_KI270366v1	1	8320	2	302	3.62981	0.0362981	33.5	0
chrUn_KI270382v1	1	4215	2	209	4.95848	0.0716489	36.4	50
chrUn_KI270374v1	1	2656	4	604	22.741	0.22741	36.7	0
chrUn_KI270371v1	1	2805	4	493	17.5758	0.21533	36.7	12
chrUn_KI270448v1	1	7992	8	1067	13.3509	0.143393	36	36.2
chrUn_KI270521v1	1	7642	3	378	4.94635	0.0592777	36.3	1.67
chrUn_GL000195v1	1	182896	200	24718	13.5148	0.163629	35.4	27.1
chrUn_GL000219v1	1	179198	155	19912	11.1117	0.129533	35.4	49.8
chrUn_GL000220v1	1	161802	1976	62222	38.4556	1.78477	35.1	4.83
chrUn_GL000224v1	1	179693	537	33657	18.7303	0.444018	35.3	20.6
chrUn_KI270741v1	1	157432	50	6830	4.33838	0.0470489	35.8	4.08
chrUn_GL000226v1	1	15008	371	11367	75.7396	3.72201	35.9	1.33
chrUn_GL000213v1	1	164239	52	7436	4.52755	0.0477475	35.9	11.7
chrUn_KI270743v1	1	210658	214	27134	12.8806	0.152104	35.5	29
chrUn_KI270744v1	1	168472	487	29645	17.5964	0.421198	35.6	21.2
chrUn_KI270745v1	1	41891	8	1208	2.88367	0.0288367	33.9	14.2
chrUn_KI270746v1	1	66486	106	13836	20.8104	0.238968	35.9	48.7
chrUn_KI270747v1	1	198735	37	4371	2.19941	0.0258837	36	14.6
chrUn_KI270748v1	1	93321	25	3375	3.61655	0.0386515	34.5	2
chrUn_KI270749v1	1	158759	141	17665	11.1269	0.131388	35.7	38.6
chrUn_KI270750v1	1	148850	151	19904	13.3719	0.152791	35.6	38.3
chrUn_KI270751v1	1	150742	244	29273	19.4193	0.2398	35.7	21
chrUn_KI270753v1	1	62944	36	4729	7.51303	0.0860447	36.2	13
chrUn_KI270754v1	1	40191	80	9461	23.5401	0.300042	35.8	18.7
chrUn_KI270755v1	1	36723	12	1497	4.07646	0.0493424	36.6	16.3
chrUn_KI270756v1	1	79590	90	6387	8.02488	0.10284	34.7	14.1
chrUn_KI270757v1	1	71251	121	12287	17.2447	0.227758	35.9	35.7
chrUn_GL000214v1	1	137718	327	28174	20.4577	0.348756	35.5	13.5
chrUn_KI270742v1	1	186739	281	35197	18.8482	0.224929	35.6	23.6
chrUn_GL000216v2	1	176608	736	36686	20.7726	0.471462	35	15.7
chrUn_GL000218v1	1	161147	161	20562	12.7598	0.149789	35.7	36.2
chr1_KI270762v1_alt	1	354444	188	21400	6.03763	0.0719747	34.9	3.99
chr1_KI270766v1_alt	1	256271	97	13028	5.08368	0.0563154	34.8	6.01
chr1_KI270760v1_alt	1	109528	26	3511	3.20557	0.0358447	35.9	2.08
chr1_KI270765v1_alt	1	185285	92	11874	6.40851	0.0721483	36.1	5.29
chr1_GL383518v1_alt	1	182439	51	6899	3.78154	0.0421785	36	0
chr1_GL383519v1_alt	1	110268	32	4484	4.06646	0.0437933	35.8	0
chr1_GL383520v2_alt	1	366580	117	15535	4.23782	0.0478204	35.5	0
chr1_KI270764v1_alt	1	50258	12	1778	3.53775	0.0360341	35.7	10
chr1_KI270763v1_alt	1	911658	271	36938	4.05174	0.044509	35.7	0.756
chr1_KI270759v1_alt	1	425601	154	20530	4.82377	0.0532706	35.5	1.73
chr1_KI270761v1_alt	1	165834	64	8252	4.97606	0.0575636	36	0.938
chr2_KI270770v1_alt	1	136240	24	3186	2.33852	0.0255945	34.9	0
chr2_KI270773v1_alt	1	70887	19	2709	3.82158	0.0400073	34.6	1.37
chr2_KI270774v1_alt	1	223625	61	8242	3.68563	0.0403846	35.4	20
chr2_KI270769v1_alt	1	120616	36	4864	4.03263	0.0444717	35.7	0
chr2_GL383521v1_alt	1	143390	52	6922	4.82739	0.0539298	35.6	1.98
chr2_KI270772v1_alt	1	133041	198	16757	12.5954	0.215475	35.6	6.48
chr2_KI270775v1_alt	1	138019	18	2206	1.59833	0.0194611	36.6	0
chr2_KI270771v1_alt	1	110395	46	6469	5.85987	0.0628108	35.6	0
chr2_KI270768v1_alt	1	110099	29	3797	3.44871	0.0387106	35.8	9.45
chr2_GL582966v2_alt	1	96131	46	3309	3.44218	0.0505248	33.6	2.07
chr2_GL383522v1_alt	1	123821	44	6285	5.07588	0.053545	35.9	14
chr2_KI270776v1_alt	1	174166	54	7077	4.06336	0.0455772	35.7	1
chr2_KI270767v1_alt	1	161578	42	5562	3.4423	0.0354256	35.5	0
chr3_JH636055v2_alt	1	173151	70	9300	5.37103	0.0605541	35.2	4.5
chr3_KI270783v1_alt	1	109187	26	3583	3.28153	0.0359567	36.3	4.62
chr3_KI270780v1_alt	1	224108	78	10436	4.65668	0.0513681	35.7	5.14
chr3_GL383526v1_alt	1	180671	66	9173	5.07718	0.055161	35.8	12.2
chr3_KI270777v1_alt	1	173649	44	6139	3.53529	0.0378234	35.3	0
chr3_KI270778v1_alt	1	248252	60	7940	3.19836	0.0358225	35	0
chr3_KI270781v1_alt	1	113034	36	4950	4.37921	0.0477113	35.8	12.9
chr3_KI270779v1_alt	1	205312	32	4252	2.07099	0.0219617	35.5	2.66
chr3_KI270782v1_alt	1	162429	54	6828	4.20368	0.0490984	35.7	1.44
chr3_KI270784v1_alt	1	184404	75	9931	5.38546	0.0587026	35.4	2.01
chr4_KI270790v1_alt	1	220246	47	6729	3.05522	0.0314966	35.5	0
chr4_GL383528v1_alt	1	376187	91	12938	3.43925	0.0357429	35.9	0
chr4_KI270787v1_alt	1	111943	30	3965	3.54198	0.0396452	35.9	12.2
chr4_GL000257v2_alt	1	586476	174	22870	3.89956	0.0440512	36	6.45
chr4_KI270788v1_alt	1	158965	49	6627	4.16884	0.0450854	35.5	13.4
chr4_GL383527v1_alt	1	164536	50	7418	4.50844	0.0458745	36	4.56
chr4_KI270785v1_alt	1	119912	34	4322	3.60431	0.0428147	36.3	4.41
chr4_KI270789v1_alt	1	205944	79	9949	4.83092	0.0573117	35.7	0
chr4_KI270786v1_alt	1	244096	36	4797	1.96521	0.0217046	34.7	1.06
chr5_KI270793v1_alt	1	126136	57	6989	5.54084	0.0637328	35.7	0
chr5_KI270792v1_alt	1	179043	55	7293	4.07332	0.0431684	34.6	4.29
chr5_KI270791v1_alt	1	195710	78	10868	5.55311	0.0589035	35.6	0.141
chr5_GL383532v1_alt	1	82728	16	1965	2.37525	0.0292041	36.3	4.5
chr5_GL949742v1_alt	1	226852	75	10071	4.43946	0.0492612	35.9	8.09
chr5_KI270794v1_alt	1	164558	36	5071	3.08159	0.0329428	35.7	0.194
chr5_GL339449v2_alt	1	1612928	418	57027	3.53562	0.0389342	35.8	4.75
chr5_GL383530v1_alt	1	101241	20	2672	2.63925	0.0298298	36.3	12
chr5_KI270796v1_alt	1	172708	46	6655	3.85332	0.0402182	34.8	0
chr5_GL383531v1_alt	1	173459	44	5919	3.41233	0.0382742	35.7	1.23
chr5_KI270795v1_alt	1	131892	44	5661	4.29215	0.0494116	36	12.7
chr6_GL000250v2_alt	1	4672374	267	37016	0.792231	0.00858707	36	0.689
chr6_KI270800v1_alt	1	175808	60	8198	4.66304	0.0515051	35.9	0.1
chr6_KI270799v1_alt	1	152148	30	4324	2.84197	0.0297736	36.3	3.17
chr6_GL383533v1_alt	1	124736	60	7895	6.32937	0.0726334	36.1	17.9
chr6_KI270801v1_alt	1	870480	276	37639	4.32394	0.0474727	35.8	0.435
chr6_KI270802v1_alt	1	75005	14	1937	2.58249	0.0281715	36	8.57
chr6_KB021644v2_alt	1	185823	38	5244	2.82204	0.0295819	36.2	3
chr6_KI270797v1_alt	1	197536	55	7604	3.84942	0.0407571	35.2	7.62
chr6_KI270798v1_alt	1	271782	70	9382	3.45203	0.0384352	35.3	0
chr7_KI270804v1_alt	1	157952	52	7349	4.65268	0.0488693	35.5	3.85
chr7_KI270809v1_alt	1	209586	82	11679	5.57241	0.0587921	35.5	6.26
chr7_KI270806v1_alt	1	158166	57	7645	4.83353	0.0540508	35.2	3.19
chr7_GL383534v2_alt	1	119183	30	3873	3.24962	0.0380088	36.1	0
chr7_KI270803v1_alt	1	1111570	340	46805	4.21071	0.0452639	35.7	9.98
chr7_KI270808v1_alt	1	271455	102	13601	5.01041	0.0554788	35.7	2.69
chr7_KI270807v1_alt	1	126434	38	4831	3.82097	0.0442049	35.9	4.79
chr7_KI270805v1_alt	1	209988	88	10969	5.22363	0.0613178	35.2	7.24
chr8_KI270818v1_alt	1	145606	42	5257	3.61043	0.0415161	34.8	2.86
chr8_KI270812v1_alt	1	282736	86	11175	3.95245	0.0450668	35.4	0
chr8_KI270811v1_alt	1	292436	70	9474	3.23968	0.0348726	35.2	5.9
chr8_KI270821v1_alt	1	985506	255	35664	3.61885	0.0382311	35.8	6.55
chr8_KI270813v1_alt	1	300230	158	20952	6.97865	0.0783633	35.8	11.6
chr8_KI270822v1_alt	1	624492	182	24890	3.98564	0.0439894	36	5.36
chr8_KI270814v1_alt	1	141812	58	7789	5.49248	0.061377	35.8	0
chr8_KI270810v1_alt	1	374415	113	15441	4.12403	0.0455003	36	3.95
chr8_KI270819v1_alt	1	133535	45	6054	4.53364	0.0502939	35.3	6.53
chr8_KI270820v1_alt	1	36640	15	1941	5.29749	0.0593341	35.3	34.7
chr8_KI270817v1_alt	1	158983	65	8354	5.25465	0.0596227	35.5	2.49
chr8_KI270816v1_alt	1	305841	132	17644	5.76901	0.0636213	35.8	3.27
chr8_KI270815v1_alt	1	132244	58	7877	5.95641	0.0651069	35.2	2.07
chr9_GL383539v1_alt	1	162988	56	7697	4.72243	0.0517952	35.8	1.93
chr9_GL383540v1_alt	1	71551	21	2859	3.99575	0.0430742	35.5	0
chr9_GL383541v1_alt	1	171286	46	5422	3.16547	0.0370959	35	7.2
chr9_GL383542v1_alt	1	60032	41	5814	9.68483	0.101879	35.8	29.1
chr9_KI270823v1_alt	1	439082	147	20417	4.64993	0.0503619	35.7	1.9
chr10_GL383545v1_alt	1	179254	71	9764	5.44702	0.0589164	36.2	23.7
chr10_KI270824v1_alt	1	181496	76	9786	5.39185	0.0576652	35.6	0.711
chr10_GL383546v1_alt	1	309802	110	14994	4.83987	0.0523463	35.5	7.78
chr10_KI270825v1_alt	1	188315	56	7798	4.14093	0.0445689	35.9	0
chr11_KI270832v1_alt	1	210133	63	8694	4.13738	0.0435296	35.5	5.49
chr11_KI270830v1_alt	1	177092	40	5343	3.01708	0.0328247	35.3	1.25
chr11_KI270831v1_alt	1	296895	100	14102	4.74983	0.0506408	35.5	13.5
chr11_KI270829v1_alt	1	204059	48	6395	3.1339	0.0344508	36.2	1.29
chr11_GL383547v1_alt	1	154407	39	5633	3.64815	0.038133	36	4.62
chr11_JH159136v1_alt	1	200998	58	8240	4.09954	0.0435576	35.5	2.07
chr11_JH159137v1_alt	1	191409	49	6303	3.29295	0.0381173	36.2	10.4
chr11_KI270827v1_alt	1	67707	22	2884	4.25953	0.0484145	34.6	4.09
chr11_KI270826v1_alt	1	186169	41	5383	2.89146	0.0317668	36	0.732
chr12_GL877875v1_alt	1	167313	121	15806	9.44696	0.106925	35.5	19.1
chr12_GL877876v1_alt	1	408271	93	12982	3.17975	0.0343963	36.1	0
chr12_KI270837v1_alt	1	40090	13	1814	4.52482	0.0489648	36.1	0
chr12_GL383549v1_alt	1	120804	42	5923	4.90298	0.0523575	36	4.19
chr12_KI270835v1_alt	1	238139	63	8648	3.63149	0.0397541	35.6	1.46
chr12_GL383550v2_alt	1	169178	56	7823	4.62412	0.0499533	35.9	10.8
chr12_GL383552v1_alt	1	138655	30	4051	2.92164	0.03257	36.1	0
chr12_GL383553v2_alt	1	152874	30	4258	2.7853	0.0288015	35.4	0
chr12_KI270834v1_alt	1	119498	46	6273	5.24946	0.057139	35.8	0
chr12_GL383551v1_alt	1	184319	64	8740	4.74178	0.0523929	35.7	4.94
chr12_KI270833v1_alt	1	76061	18	2440	3.20795	0.0353795	35.5	5.78
chr12_KI270836v1_alt	1	56134	15	1770	3.15317	0.0364841	34.1	16.5
chr13_KI270840v1_alt	1	191684	63	8415	4.39004	0.0488304	36.2	1.05
chr13_KI270839v1_alt	1	180306	63	8578	4.75747	0.0514514	35.8	8.29
chr13_KI270843v1_alt	1	103832	38	5185	4.99364	0.0544341	36.1	4.58
chr13_KI270841v1_alt	1	169134	43	5567	3.29147	0.0374496	35.7	12
chr13_KI270838v1_alt	1	306913	126	17211	5.60778	0.0616592	35.6	0.0952
chr13_KI270842v1_alt	1	37287	17	2348	6.2971	0.0659747	36.2	9.24
chr14_KI270844v1_alt	1	322166	118	15702	4.87388	0.0550958	35.9	0.458
chr14_KI270847v1_alt	1	1511111	507	68239	4.51582	0.0501247	35.8	0.197
chr14_KI270845v1_alt	1	180703	67	9280	5.1355	0.0556106	35.6	2.48
chr14_KI270846v1_alt	1	1351393	335	43833	3.24354	0.036549	35.8	2.71
chr15_KI270852v1_alt	1	478999	68	9319	1.94552	0.0212902	35.7	0
chr15_KI270851v1_alt	1	263054	64	8168	3.10507	0.0364868	35.5	4.47
chr15_KI270848v1_alt	1	327382	67	8978	2.74236	0.030188	34.9	1.79
chr15_GL383554v1_alt	1	296527	78	11303	3.81179	0.0396726	35.2	0
chr15_KI270849v1_alt	1	244917	66	8818	3.6004	0.0406913	35.9	3.89
chr15_GL383555v2_alt	1	388773	153	21333	5.48726	0.0592968	35.4	6.18
chr15_KI270850v1_alt	1	430880	158	20947	4.86145	0.0553565	35.6	3.54
chr16_KI270854v1_alt	1	134193	13	1870	1.39352	0.0142705	36.4	4.15
chr16_KI270856v1_alt	1	63982	22	3051	4.76853	0.0519209	35.8	2.45
chr16_KI270855v1_alt	1	232857	82	10916	4.68786	0.050881	35.5	0
chr16_KI270853v1_alt	1	2659700	959	129116	4.85453	0.0536196	35.7	6.18
chr16_GL383556v1_alt	1	192462	64	8291	4.30786	0.0502125	35.8	6.53
chr16_GL383557v1_alt	1	89672	29	4024	4.48747	0.047473	35.4	4.34
chr17_GL383563v3_alt	1	375691	114	14710	3.91545	0.0430859	35.4	8.5
chr17_KI270862v1_alt	1	391357	128	17672	4.51557	0.0481427	35	3.31
chr17_KI270861v1_alt	1	196688	51	6806	3.4603	0.0383297	35.6	1.84
chr17_KI270857v1_alt	1	2877074	1013	139605	4.85233	0.0526747	35.5	3.97
chr17_JH159146v1_alt	1	278131	116	15518	5.57939	0.0626539	35.6	4.03
chr17_JH159147v1_alt	1	70345	18	2431	3.45582	0.0383396	36.3	15.3
chr17_GL383564v2_alt	1	133151	43	6314	4.74198	0.0487567	35.6	1.26
chr17_GL000258v2_alt	1	1821992	545	74100	4.06698	0.0444201	35.6	17.3
chr17_GL383565v1_alt	1	223995	73	9886	4.41349	0.0478537	35.9	0
chr17_KI270858v1_alt	1	235827	37	5139	2.17914	0.0236911	35.4	0
chr17_KI270859v1_alt	1	108763	39	5272	4.84724	0.0541453	36.2	4.46
chr17_GL383566v1_alt	1	90219	19	2557	2.83421	0.0299272	35.5	0
chr17_KI270860v1_alt	1	178921	65	8559	4.78368	0.0525036	35.4	6.98
chr18_KI270864v1_alt	1	111737	28	3822	3.42053	0.0377225	36.1	0
chr18_GL383567v1_alt	1	289831	104	14655	5.05639	0.0541591	35.8	3.98
chr18_GL383570v1_alt	1	164789	32	4774	2.89704	0.0293223	36.1	4.72
chr18_GL383571v1_alt	1	198278	43	5930	2.99075	0.0319904	35.9	9.77
chr18_GL383568v1_alt	1	104552	27	3972	3.79907	0.0389949	36.4	12
chr18_GL383569v1_alt	1	167950	32	4320	2.57219	0.028312	35.5	7.19
chr18_GL383572v1_alt	1	159547	30	3987	2.49895	0.0271331	35.6	5.13
chr18_KI270863v1_alt	1	167999	33	4743	2.82323	0.0294883	34.6	3.27
chr19_KI270868v1_alt	1	61734	17	2190	3.54748	0.0391194	35	8.24
chr19_KI270865v1_alt	1	52969	22	3028	5.71655	0.0611679	35.1	5.45
chr19_GL383573v1_alt	1	385657	88	12417	3.2197	0.0342844	35.8	0.864
chr19_GL383575v2_alt	1	170222	49	7003	4.11404	0.0425797	35.6	5.43
chr19_GL383576v1_alt	1	188024	54	7362	3.91546	0.0433668	35.8	6.22
chr19_GL383574v1_alt	1	155864	66	8619	5.52982	0.0626379	36	12.7
chr19_KI270866v1_alt	1	43156	20	2627	6.08722	0.0620539	34.7	6.6
chr19_KI270867v1_alt	1	233762	66	9186	3.92964	0.0426331	35.7	0
chr19_GL949746v1_alt	1	987716	88	12217	1.23689	0.0132366	36	0.0568
chr20_GL383577v2_alt	1	128386	40	5249	4.08845	0.0461421	35.5	4.65
chr20_KI270869v1_alt	1	118774	34	4604	3.87627	0.0432249	36.6	7.26
chr20_KI270871v1_alt	1	58661	15	1993	3.39749	0.0366854	35.5	10.1
chr20_KI270870v1_alt	1	183433	84	10638	5.79939	0.0647212	34.8	2.6
chr21_GL383578v2_alt	1	63917	28	4071	6.3692	0.0661483	35.6	25
chr21_KI270874v1_alt	1	166743	46	6224	3.73269	0.0416269	35.6	1.17
chr21_KI270873v1_alt	1	143900	50	6633	4.60945	0.0522863	36	0
chr21_GL383579v2_alt	1	201197	48	6629	3.29478	0.035428	35.6	1.25
chr21_GL383580v2_alt	1	74653	33	3725	4.98975	0.0569702	35.6	12
chr21_GL383581v2_alt	1	116689	44	5967	5.11359	0.0551123	34.5	4.09
chr21_KI270872v1_alt	1	82692	20	2750	3.32559	0.0355294	35	0
chr22_KI270875v1_alt	1	259914	99	12471	4.79813	0.0566495	36	1.84
chr22_KI270878v1_alt	1	186262	81	11226	6.02699	0.0643824	35.3	21.1
chr22_KI270879v1_alt	1	304135	96	13184	4.33492	0.0472816	35.6	9.5
chr22_KI270876v1_alt	1	263666	82	11480	4.35399	0.0466992	35.5	0.659
chr22_KI270877v1_alt	1	101331	30	4388	4.33036	0.044705	36	0
chr22_GL383583v2_alt	1	96924	29	4304	4.44059	0.0451797	35.7	0
chr22_GL383582v2_alt	1	162811	42	5786	3.55381	0.0386952	35.8	0.333
chrX_KI270880v1_alt	1	284869	63	8272	2.90379	0.0326466	35.3	1.32
chrX_KI270881v1_alt	1	144206	28	3778	2.61986	0.0291597	35.3	24.2
chr19_KI270882v1_alt	1	248807	10	1402	0.563489	0.00604485	34.4	0
chr19_KI270883v1_alt	1	170399	8	1194	0.700708	0.00708924	36.6	0
chr19_KI270884v1_alt	1	157053	2	302	0.192292	0.00192292	35.5	0
chr19_KI270885v1_alt	1	171027	6	837	0.489396	0.00529741	36.6	0
chr19_KI270886v1_alt	1	204239	2	302	0.147866	0.00147866	36.8	0
chr19_KI270887v1_alt	1	209512	8	1151	0.549372	0.00576578	35	10.6
chr19_KI270888v1_alt	1	155532	2	256	0.164596	0.00194172	36.9	0
chr19_KI270889v1_alt	1	170698	10	1165	0.682492	0.00873472	36.4	0
chr19_KI270890v1_alt	1	184499	16	2265	1.22765	0.0130949	34.8	0
chr19_KI270891v1_alt	1	170680	4	604	0.353879	0.00353879	36.6	0
chr1_KI270892v1_alt	1	162212	29	3991	2.46036	0.0264407	35.9	0.759
chr2_KI270894v1_alt	1	214158	242	26567	12.4053	0.163552	35.2	6.22
chr2_KI270893v1_alt	1	161218	38	5204	3.22793	0.0350023	35.4	0
chr3_KI270895v1_alt	1	162896	15	2037	1.25049	0.0138432	36	12.1
chr4_KI270896v1_alt	1	378547	77	10516	2.77799	0.0300438	36.2	4.65
chr5_KI270897v1_alt	1	1144418	338	45198	3.94943	0.0436772	35.6	2.19
chr5_KI270898v1_alt	1	130957	36	4486	3.42555	0.0393946	35.9	3.28
chr6_GL000251v2_alt	1	4795265	563	75133	1.56682	0.0172829	35.6	3.65
chr7_KI270899v1_alt	1	190869	48	5998	3.14247	0.037214	35.7	2.58
chr8_KI270901v1_alt	1	136959	44	5315	3.88072	0.0435532	35.2	6.91
chr8_KI270900v1_alt	1	318687	66	9253	2.90348	0.0309865	35.9	11.3
chr11_KI270902v1_alt	1	106711	26	3447	3.23022	0.0356945	34.4	14
chr11_KI270903v1_alt	1	214625	87	11775	5.48631	0.0596342	35.1	6.34
chr12_KI270904v1_alt	1	572349	230	31134	5.43969	0.0602762	35.7	10
chr15_KI270906v1_alt	1	196384	43	5892	3.00024	0.0325281	35.3	0
chr15_KI270905v1_alt	1	5161414	1608	220807	4.27803	0.0465243	35.7	6.99
chr17_KI270907v1_alt	1	137721	35	4909	3.56445	0.0381859	35.6	12.1
chr17_KI270910v1_alt	1	157099	44	5921	3.76896	0.0403758	35.2	1.68
chr17_KI270909v1_alt	1	325800	73	10386	3.18785	0.0337477	36.1	1.89
chr17_JH159148v1_alt	1	88070	27	3328	3.77881	0.0452367	36	0
chr17_KI270908v1_alt	1	1423190	338	45840	3.22093	0.0353656	35.5	2.24
chr18_KI270912v1_alt	1	174061	33	4130	2.37273	0.0260828	35.3	2.85
chr18_KI270911v1_alt	1	157710	32	4156	2.63522	0.0288124	35.9	4.53
chr19_GL949747v2_alt	1	729520	48	6333	0.868105	0.00953092	35.4	2.19
chr22_KB663609v1_alt	1	74013	12	1771	2.39282	0.0244822	36	0
chrX_KI270913v1_alt	1	274009	80	10352	3.77798	0.0415534	34.9	1.3
chr19_KI270914v1_alt	1	205194	6	830	0.404495	0.00441533	36.3	0
chr19_KI270915v1_alt	1	170665	2	221	0.129493	0.00176955	36.8	0
chr19_KI270916v1_alt	1	184516	8	1059	0.573934	0.00654686	35.8	0
chr19_KI270917v1_alt	1	190932	4	560	0.293298	0.00316343	36.7	0
chr19_KI270918v1_alt	1	123111	2	162	0.131589	0.00245307	36.7	0
chr19_KI270919v1_alt	1	170701	2	302	0.176918	0.00176918	36.1	0
chr19_KI270920v1_alt	1	198005	4	604	0.305043	0.00305043	36.6	0
chr19_KI270921v1_alt	1	282224	18	2600	0.921254	0.00963065	36.4	0
chr19_KI270922v1_alt	1	187935	8	1077	0.57307	0.00642775	36.5	0
chr19_KI270923v1_alt	1	189352	4	520	0.274621	0.00318983	34.7	0
chr3_KI270924v1_alt	1	166540	24	3367	2.02174	0.0217605	35.6	9.04
chr4_KI270925v1_alt	1	555799	139	17997	3.23804	0.0360202	35.3	1.99
chr6_GL000252v2_alt	1	4604811	452	62738	1.36244	0.0146857	35.6	3.78
chr8_KI270926v1_alt	1	229282	42	5764	2.51393	0.0267923	35.3	8.21
chr11_KI270927v1_alt	1	218612	76	10122	4.63012	0.0516577	35.3	7.68
chr19_GL949748v2_alt	1	1064304	30	4254	0.399698	0.00422905	35.5	0
chr22_KI270928v1_alt	1	176103	33	4688	2.66208	0.0282959	35.8	0
chr19_KI270929v1_alt	1	186203	4	597	0.320618	0.00324377	35.5	0
chr19_KI270930v1_alt	1	200773	6	896	0.446275	0.00451256	35.9	0
chr19_KI270931v1_alt	1	170148	2	302	0.177493	0.00177493	34.3	0
chr19_KI270932v1_alt	1	215732	6	906	0.419966	0.00419966	36	0
chr19_GL000209v2_alt	1	177381	6	840	0.473557	0.00510765	36.8	0
chr3_KI270934v1_alt	1	163458	22	2972	1.8182	0.0203233	35.1	0
chr6_GL000253v2_alt	1	4677643	503	51436	1.09961	0.0136939	34.6	3.96
chr19_GL949749v2_alt	1	1091841	29	3818	0.349685	0.00373681	35.3	0
chr3_KI270935v1_alt	1	197351	34	4406	2.23257	0.0259436	36.2	2.94
chr6_GL000254v2_alt	1	4827813	358	49648	1.02837	0.0110723	35.8	2.32
chr19_GL949750v2_alt	1	1066390	34	4855	0.455274	0.00464839	34.9	0
chr3_KI270936v1_alt	1	164170	42	5493	3.34592	0.0370348	35	0
chr6_GL000255v2_alt	1	4606388	437	60886	1.32177	0.0141708	35.5	4.73
chr19_GL949751v2_alt	1	1002683	26	3645	0.363525	0.003726	35.2	0.154
chr3_KI270937v1_alt	1	165607	34	4362	2.63395	0.0297572	36.2	7.47
chr6_GL000256v2_alt	1	4929269	500	68992	1.39964	0.0150402	35.5	6.42
chr19_GL949752v1_alt	1	987100	122	16730	1.69486	0.0182393	35.1	5
chr6_KI270758v1_alt	1	76752	2	302	0.393475	0.00393475	35.2	0
chr19_GL949753v2_alt	1	796479	41	5526	0.693804	0.0074867	35.5	0
chr19_KI270938v1_alt	1	1066800	103	14167	1.32799	0.0142013	35.3	2.73
chrEBV	1	171823	1690	119694	69.6612	1.44829	35.6	45.1
chrUn_KN707607v1_decoy	1	3033	14	1401	46.1919	0.692384	35.8	54.8
chrUn_KN707608v1_decoy	1	3112	14	1627	52.2815	0.677378	36.2	59.9
chrUn_KN707611v1_decoy	1	1103	3	453	41.0698	0.410698	36.6	54
chrUn_KN707613v1_decoy	1	1619	2	302	18.6535	0.186535	32.5	60
chrUn_KN707616v1_decoy	1	3111	1	30	0.96432	0.0096432	25.9	0
chrUn_KN707617v1_decoy	1	2545	1	80	3.14342	0.0314342	36.4	11
chrUn_KN707620v1_decoy	1	2046	1	151	7.38025	0.0738025	36.6	52
chrUn_KN707626v1_decoy	1	5623	33	1125	20.0071	0.754046	34.8	15.9
chrUn_KN707630v1_decoy	1	2315	2	162	6.99784	0.130454	36.9	2
chrUn_KN707631v1_decoy	1	1945	6	483	24.8329	0.362468	33.2	5
chrUn_KN707636v1_decoy	1	1725	2	302	17.5072	0.175072	36.8	60
chrUn_KN707637v1_decoy	1	5354	9	1112	20.7695	0.235898	36	51.3
chrUn_KN707638v1_decoy	1	2189	2	302	13.7963	0.137963	36.8	47
chrUn_KN707639v1_decoy	1	1294	2	302	23.3385	0.233385	35.9	52.5
chrUn_KN707640v1_decoy	1	1831	6	654	35.7182	0.463135	35.5	52.5
chrUn_KN707642v1_decoy	1	2943	6	737	25.0425	0.30683	36.2	56.3
chrUn_KN707643v1_decoy	1	2857	9	769	26.9163	0.469723	35.2	55.1
chrUn_KN707644v1_decoy	1	1030	3	390	37.8641	0.439806	33.5	60
chrUn_KN707645v1_decoy	1	1070	2	302	28.2243	0.282243	36.8	60
chrUn_KN707646v1_decoy	1	1735	2	152	8.76081	0.174063	35.6	60
chrUn_KN707647v1_decoy	1	1982	3	383	19.3239	0.228557	36.5	58.3
chrUn_KN707648v1_decoy	1	1564	6	757	48.4015	0.578005	34.8	60
chrUn_KN707650v1_decoy	1	1540	3	313	20.3247	0.294156	36.7	50.3
chrUn_KN707651v1_decoy	1	2013	8	1010	50.1739	0.600099	35.7	59.9
chrUn_KN707652v1_decoy	1	1176	5	641	54.5068	0.642007	35.8	60
chrUn_KN707653v1_decoy	1	1890	2	166	8.78307	0.120106	33.9	31
chrUn_KN707655v1_decoy	1	2785	2	302	10.8438	0.108438	36.8	60
chrUn_KN707656v1_decoy	1	1017	2	302	29.6952	0.296952	36.5	60
chrUn_KN707657v1_decoy	1	1068	2	300	28.0899	0.280899	36.1	60
chrUn_KN707658v1_decoy	1	1007	4	475	47.1698	0.57994	35	18.2
chrUn_KN707659v1_decoy	1	2605	23	1184	45.4511	0.720537	35.3	21
chrUn_KN707660v1_decoy	1	8410	134	5283	62.8181	1.45256	34	14.3
chrUn_KN707661v1_decoy	1	5534	80	2653	47.94	1.41561	34.7	9.16
chrUn_KN707662v1_decoy	1	2173	8	1028	47.3079	0.555913	35.1	55.8
chrUn_KN707663v1_decoy	1	1065	2	134	12.5822	0.125822	32	51
chrUn_KN707664v1_decoy	1	8683	4	483	5.56259	0.0601175	35.3	60
chrUn_KN707666v1_decoy	1	2420	1	43	1.77686	0.0177686	34.9	0
chrUn_KN707667v1_decoy	1	2189	2	235	10.7355	0.137963	36.6	24
chrUn_KN707668v1_decoy	1	2093	3	453	21.6436	0.216436	34.2	60
chrUn_KN707670v1_decoy	1	1205	6	375	31.1203	0.663071	31.3	26.5
chrUn_KN707671v1_decoy	1	2786	4	505	18.1263	0.181263	35.8	55
chrUn_KN707672v1_decoy	1	2794	2	225	8.05297	0.108089	36.1	60
chrUn_KN707673v1_decoy	1	19544	14	1773	9.07184	0.108166	36.5	60
chrUn_KN707677v1_decoy	1	7267	2	276	3.79799	0.0379799	36.5	60
chrUn_KN707681v1_decoy	1	4379	8	1111	25.3711	0.272665	34.9	60
chrUn_KN707682v1_decoy	1	4208	2	302	7.17681	0.0717681	36.8	60
chrUn_KN707686v1_decoy	1	2072	15	1274	61.4865	0.962355	36.2	54.5
chrUn_KN707687v1_decoy	1	1136	3	418	36.7958	0.398768	35.8	56.7
chrUn_KN707688v1_decoy	1	4248	1	37	0.870998	0.00870998	22.8	0
chrUn_KN707689v1_decoy	1	5823	2	302	5.18633	0.0518633	35.2	60
chrUn_KN707690v1_decoy	1	3715	2	302	8.12921	0.0812921	36.1	60
chrUn_KN707691v1_decoy	1	4885	6	792	16.2129	0.185466	36.6	60
chrUn_KN707693v1_decoy	1	2899	2	274	9.45154	0.0945154	36.5	60
chrUn_KN707695v1_decoy	1	3119	2	220	7.05354	0.0968259	36.5	60
chrUn_KN707698v1_decoy	1	1908	2	302	15.8281	0.158281	32.9	60
chrUn_KN707702v1_decoy	1	6466	2	180	2.78379	0.0467058	36.7	60
chrUn_KN707703v1_decoy	1	2235	4	508	22.7293	0.270246	35.7	60
chrUn_KN707707v1_decoy	1	4339	1	49	1.12929	0.0112929	36.8	60
chrUn_KN707709v1_decoy	1	3273	3	268	8.18821	0.0824931	25	37
chrUn_KN707710v1_decoy	1	5701	9	953	16.7164	0.238379	36.6	60
chrUn_KN707717v1_decoy	1	1742	2	216	12.3995	0.173364	36.8	60
chrUn_KN707719v1_decoy	1	3270	2	166	5.07645	0.0923547	29	60
chrUn_KN707720v1_decoy	1	6028	2	302	5.00995	0.0500995	36.9	60
chrUn_KN707727v1_decoy	1	2630	1	97	3.68821	0.0368821	28.5	4
chrUn_KN707730v1_decoy	1	5776	7	777	13.4522	0.135907	35.1	0
chrUn_KN707731v1_decoy	1	4820	2	283	5.87137	0.0626556	36.3	60
chrUn_KN707733v1_decoy	1	7503	4	364	4.85139	0.0805011	36.7	60
chrUn_KN707734v1_decoy	1	9652	5	579	5.99876	0.0676544	36.3	48
chrUn_KN707735v1_decoy	1	1091	6	188	17.2319	0.465628	31.6	9.33
chrUn_KN707736v1_decoy	1	2467	2	221	8.95825	0.122416	34.7	60
chrUn_KN707739v1_decoy	1	4284	4	604	14.099	0.14099	35.8	60
chrUn_KN707740v1_decoy	1	10282	6	741	7.20677	0.0881152	36.3	60
chrUn_KN707742v1_decoy	1	4758	2	302	6.3472	0.063472	36.4	60
chrUn_KN707743v1_decoy	1	1624	1	151	9.29803	0.0929803	27.5	60
chrUn_KN707744v1_decoy	1	4024	1	32	0.795229	0.00795229	34.2	60
chrUn_KN707748v1_decoy	1	3553	1	151	4.24993	0.0424993	36.6	60
chrUn_KN707749v1_decoy	1	7010	8	1127	16.077	0.172325	36.6	60
chrUn_KN707750v1_decoy	1	4718	3	453	9.60153	0.0960153	36.6	60
chrUn_KN707752v1_decoy	1	2873	1	151	5.25583	0.0525583	30.5	20
chrUn_KN707753v1_decoy	1	2144	4	500	23.3209	0.258862	33	60
chrUn_KN707755v1_decoy	1	5343	13	1392	26.0528	0.349803	36.4	60
chrUn_KN707756v1_decoy	1	4877	4	484	9.92413	0.0992413	36.7	60
chrUn_KN707757v1_decoy	1	3034	2	142	4.68029	0.0899802	36	60
chrUn_KN707763v1_decoy	1	2674	5	447	16.7165	0.238968	34.4	49.2
chrUn_KN707764v1_decoy	1	3912	6	854	21.8303	0.231595	36.3	60
chrUn_KN707768v1_decoy	1	3656	2	229	6.26368	0.0826039	36.5	60
chrUn_KN707771v1_decoy	1	3176	2	220	6.92695	0.0950882	35.8	60
chrUn_KN707773v1_decoy	1	4902	3	411	8.38433	0.0838433	33.4	60
chrUn_KN707774v1_decoy	1	3324	2	197	5.92659	0.0592659	34.5	50
chrUn_KN707775v1_decoy	1	5997	3	453	7.55378	0.0755378	36.7	60
chrUn_KN707780v1_decoy	1	5691	12	1396	24.53	0.318397	36.3	60
chrUn_KN707781v1_decoy	1	2717	3	384	14.1332	0.166728	36.7	60
chrUn_KN707783v1_decoy	1	4373	4	604	13.812	0.13812	36.7	60
chrUn_KN707788v1_decoy	1	1412	2	216	15.2975	0.152975	34	60
chrUn_KN707791v1_decoy	1	3240	2	301	9.29012	0.0929012	33.3	60
chrUn_KN707793v1_decoy	1	4667	2	302	6.47097	0.0647097	36.6	0
chrUn_KN707798v1_decoy	1	17599	43	4489	25.5071	0.324109	34.8	4.86
chrUn_KN707801v1_decoy	1	2901	3	350	12.0648	0.120648	32.8	53.3
chrUn_KN707802v1_decoy	1	2666	2	302	11.3278	0.113278	36.4	60
chrUn_KN707803v1_decoy	1	5336	7	858	16.0795	0.183471	32.1	57.1
chrUn_KN707807v1_decoy	1	4616	4	458	9.92201	0.119801	36.7	60
chrUn_KN707809v1_decoy	1	3667	3	188	5.12681	0.0913553	29.9	53.3
chrUn_KN707811v1_decoy	1	1120	2	194	17.3214	0.173214	33.3	0
chrUn_KN707815v1_decoy	1	5410	2	302	5.58226	0.0558226	36.7	0
chrUn_KN707816v1_decoy	1	7150	2	302	4.22378	0.0422378	36.7	60
chrUn_KN707821v1_decoy	1	2276	3	340	14.9385	0.199033	36.4	60
chrUn_KN707822v1_decoy	1	2575	5	604	23.4563	0.263301	32.7	48
chrUn_KN707827v1_decoy	1	2913	4	395	13.5599	0.207346	35.2	52
chrUn_KN707828v1_decoy	1	2389	227	2383	99.7488	13.8836	35.4	50.1
chrUn_KN707832v1_decoy	1	1265	2	302	23.8735	0.238735	36.5	60
chrUn_KN707833v1_decoy	1	1961	2	206	10.5048	0.105048	36.2	60
chrUn_KN707836v1_decoy	1	3213	2	287	8.93246	0.0939932	36.8	60
chrUn_KN707840v1_decoy	1	3298	2	302	9.15706	0.0915706	36.4	60
chrUn_KN707842v1_decoy	1	6698	1	121	1.80651	0.0180651	26.4	31
chrUn_KN707845v1_decoy	1	3532	2	302	8.5504	0.085504	30.4	60
chrUn_KN707846v1_decoy	1	2297	6	849	36.9613	0.38485	31.3	20.7
chrUn_KN707853v1_decoy	1	9597	6	906	9.44045	0.0944045	36	60
chrUn_KN707854v1_decoy	1	10451	1	55	0.526265	0.00526265	34.2	0
chrUn_KN707857v1_decoy	1	5985	7	985	16.4578	0.164578	36.3	60
chrUn_KN707859v1_decoy	1	1340	2	296	22.0896	0.225373	36	60
chrUn_KN707860v1_decoy	1	3148	60	1987	63.1194	1.81163	34.6	11.7
chrUn_KN707861v1_decoy	1	2242	27	823	36.7083	0.864407	33	8.85
chrUn_KN707862v1_decoy	1	16513	135	6177	37.4069	0.80373	33.6	9.16
chrUn_KN707863v1_decoy	1	7821	67	2530	32.3488	0.750799	34.5	5.97
chrUn_KN707864v1_decoy	1	2159	4	578	26.7717	0.279759	36.6	60
chrUn_KN707865v1_decoy	1	2114	2	278	13.1504	0.131504	36.6	45
chrUn_KN707866v1_decoy	1	4109	4	499	12.1441	0.135313	33.9	54.8
chrUn_KN707870v1_decoy	1	1012	2	227	22.4308	0.298419	37	60
chrUn_KN707871v1_decoy	1	4728	2	302	6.38748	0.0638748	36.3	60
chrUn_KN707872v1_decoy	1	2165	5	688	31.7783	0.34873	35.9	60
chrUn_KN707873v1_decoy	1	7591	4	586	7.71967	0.0771967	27.6	30
chrUn_KN707874v1_decoy	1	5202	7	476	9.15033	0.157824	35.8	9.29
chrUn_KN707875v1_decoy	1	4241	4	448	10.5635	0.134166	36.5	32.2
chrUn_KN707876v1_decoy	1	4131	4	603	14.5969	0.145969	36.5	0
chrUn_KN707877v1_decoy	1	2272	10	666	29.3134	0.630282	33.6	0
chrUn_KN707878v1_decoy	1	2085	2	300	14.3885	0.144844	36.5	60
chrUn_KN707879v1_decoy	1	4346	12	1291	29.7055	0.372987	35.9	58
chrUn_KN707881v1_decoy	1	4543	9	553	12.1726	0.213515	35.9	0
chrUn_KN707882v1_decoy	1	2772	14	1169	42.1717	0.660895	35	15.4
chrUn_KN707883v1_decoy	1	2490	5	210	8.43373	0.114458	34.7	2.8
chrUn_KN707884v1_decoy	1	4568	28	1341	29.3564	0.873249	36.5	23
chrUn_KN707885v1_decoy	1	1776	4	543	30.5743	0.305743	36.5	60
chrUn_KN707886v1_decoy	1	2699	8	958	35.4946	0.445721	36	60
chrUn_KN707887v1_decoy	1	3534	14	1435	40.6055	0.572722	34.9	51.6
chrUn_KN707888v1_decoy	1	2424	7	788	32.5083	0.436056	36.1	58.9
chrUn_KN707889v1_decoy	1	1747	1	151	8.64339	0.0864339	35.3	60
chrUn_KN707890v1_decoy	1	1088	2	296	27.2059	0.272059	33.8	24
chrUn_KN707891v1_decoy	1	1143	12	808	70.6912	1.5853	36.5	51.1
chrUn_KN707892v1_decoy	1	2530	10	1045	41.3043	0.567194	34.5	53
chrUn_KN707893v1_decoy	1	8049	2	208	2.58417	0.0375202	36.7	60
chrUn_KN707895v1_decoy	1	4284	12	1176	27.451	0.369048	35.3	47.6
chrUn_KN707896v1_decoy	1	33125	8588	32287	97.4702	34.1686	34.2	16.9
chrUn_KN707897v1_decoy	1	2137	6	682	31.9139	0.34394	34.7	42.8
chrUn_KN707898v1_decoy	1	3840	4	402	10.4688	0.157292	36.6	60
chrUn_KN707899v1_decoy	1	3087	2	302	9.78296	0.0978296	35.9	60
chrUn_KN707900v1_decoy	1	2041	4	479	23.4689	0.295933	36.4	60
chrUn_KN707901v1_decoy	1	3344	8	892	26.6746	0.360945	36.4	59.1
chrUn_KN707902v1_decoy	1	2921	4	510	17.4598	0.206779	36.7	53.2
chrUn_KN707903v1_decoy	1	6581	4	604	9.17794	0.0917794	36.2	54
chrUn_KN707904v1_decoy	1	3968	26	2765	69.6825	0.974546	35.7	55.1
chrUn_KN707905v1_decoy	1	2339	10	912	38.991	0.491663	31.8	53.9
chrUn_KN707906v1_decoy	1	1243	6	569	45.7763	0.651649	34.6	54
chrUn_KN707913v1_decoy	1	1527	2	302	19.7773	0.197773	36.9	60
chrUn_KN707914v1_decoy	1	2055	1	151	7.34793	0.0734793	36.9	60
chrUn_KN707915v1_decoy	1	2527	2	301	11.9114	0.119114	36.5	60
chrUn_KN707916v1_decoy	1	3275	6	626	19.1145	0.255878	36.3	60
chrUn_KN707920v1_decoy	1	3584	4	600	16.7411	0.167411	35.7	60
chrUn_KN707921v1_decoy	1	2561	6	569	22.2179	0.335025	33.8	36.7
chrUn_KN707932v1_decoy	1	1084	4	521	48.0627	0.556273	35.8	60
chrUn_KN707933v1_decoy	1	2038	4	576	28.263	0.28263	35.9	60
chrUn_KN707934v1_decoy	1	1070	1	151	14.1121	0.141121	36.8	22
chrUn_KN707936v1_decoy	1	4031	2	302	7.49194	0.0749194	35.3	60
chrUn_KN707939v1_decoy	1	5600	2	302	5.39286	0.0539286	36.9	60
chrUn_KN707941v1_decoy	1	1170	2	302	25.812	0.25812	35.5	60
chrUn_KN707951v1_decoy	1	1118	2	280	25.0447	0.265653	36.5	60
chrUn_KN707953v1_decoy	1	2289	6	630	27.5229	0.395806	36.2	60
chrUn_KN707956v1_decoy	1	3270	2	302	9.23547	0.0923547	35.3	0
chrUn_KN707957v1_decoy	1	11499	2	288	2.50457	0.0250457	33	60
chrUn_KN707959v1_decoy	1	2294	11	605	26.3731	0.35789	36	14.4
chrUn_KN707962v1_decoy	1	1523	2	226	14.8391	0.148391	33.9	60
chrUn_KN707963v1_decoy	1	62955	281	20348	32.3215	0.551616	34.8	32.8
chrUn_KN707964v1_decoy	1	6282	26	893	14.2152	0.560968	36.2	14.9
chrUn_KN707965v1_decoy	1	3836	2	297	7.74244	0.0774244	31.7	7.5
chrUn_KN707966v1_decoy	1	6486	10	1256	19.3648	0.231113	35.9	37.6
chrUn_KN707967v1_decoy	1	15368	55	5114	33.2769	0.485294	35.9	29.8
chrUn_KN707968v1_decoy	1	9572	21	1976	20.6435	0.312265	35.8	34.5
chrUn_KN707969v1_decoy	1	6413	34	2258	35.2097	0.673008	35.9	19.7
chrUn_KN707970v1_decoy	1	4104	18	1742	42.4464	0.573587	36.2	27.2
chrUn_KN707971v1_decoy	1	12943	41	4106	31.7237	0.444178	35.1	34.1
chrUn_KN707972v1_decoy	1	4650	14	1620	34.8387	0.428387	36	34.4
chrUn_KN707973v1_decoy	1	3080	6	612	19.8701	0.294156	35.8	57.8
chrUn_KN707974v1_decoy	1	3134	8	1013	32.3229	0.38545	36.6	48.5
chrUn_KN707975v1_decoy	1	6211	10	1065	17.147	0.220576	34.9	44.9
chrUn_KN707976v1_decoy	1	1126	2	207	18.3837	0.268206	35.8	60
chrUn_KN707979v1_decoy	1	2648	4	415	15.6722	0.172205	32.8	23.5
chrUn_KN707980v1_decoy	1	2973	6	771	25.9334	0.304743	36.1	15.2
chrUn_KN707982v1_decoy	1	2318	6	409	17.6445	0.304142	34.2	38.3
chrUn_KN707984v1_decoy	1	2205	2	201	9.11565	0.0911565	33.9	17
chrUn_KN707985v1_decoy	1	2929	2	186	6.35029	0.0635029	30.8	0
chrUn_KN707986v1_decoy	1	3869	9	1190	30.7573	0.333419	35.5	45
chrUn_KN707987v1_decoy	1	1117	2	302	27.0367	0.270367	33.3	60
chrUn_KN707988v1_decoy	1	2960	2	302	10.2027	0.102027	36.2	60
chrUn_KN707989v1_decoy	1	1009	1	151	14.9653	0.149653	36.6	19
chrUn_KN707990v1_decoy	1	4048	4	578	14.2787	0.149209	33.8	50
chrUn_KN707992v1_decoy	1	1830	2	302	16.5027	0.165027	35.7	60
chrUn_JTFH01000001v1_decoy	1	25139	26	3108	12.3633	0.146545	36.2	59.2
chrUn_JTFH01000002v1_decoy	1	18532	14	1764	9.51867	0.111213	35.8	60
chrUn_JTFH01000003v1_decoy	1	15240	14	1927	12.6444	0.138714	36.4	60
chrUn_JTFH01000004v1_decoy	1	13739	4	604	4.39624	0.0439624	36.7	60
chrUn_JTFH01000005v1_decoy	1	11297	16	2134	18.89	0.213862	36	60
chrUn_JTFH01000007v1_decoy	1	9891	9	1168	11.8087	0.13305	36.1	60
chrUn_JTFH01000008v1_decoy	1	9774	6	906	9.26949	0.0926949	35.4	60
chrUn_JTFH01000009v1_decoy	1	9727	2	214	2.20006	0.0310476	36.5	60
chrUn_JTFH01000010v1_decoy	1	9358	8	931	9.94871	0.129087	34.4	60
chrUn_JTFH01000012v1_decoy	1	8479	2	41	0.483548	0.00884538	25.9	4.5
chrUn_JTFH01000013v1_decoy	1	8312	8	1098	13.2098	0.144731	35	27.4
chrUn_JTFH01000016v1_decoy	1	8051	2	302	3.75109	0.0375109	36.1	60
chrUn_JTFH01000017v1_decoy	1	7832	4	487	6.21808	0.0771195	36.3	60
chrUn_JTFH01000018v1_decoy	1	7710	11	1350	17.5097	0.176783	34.9	43.9
chrUn_JTFH01000020v1_decoy	1	7479	4	569	7.60797	0.0807595	36.8	60
chrUn_JTFH01000022v1_decoy	1	7162	4	513	7.1628	0.084334	36.6	60
chrUn_JTFH01000023v1_decoy	1	7065	4	604	8.54919	0.0854919	36.1	60
chrUn_JTFH01000025v1_decoy	1	6997	2	49	0.7003	0.0132914	25.8	0
chrUn_JTFH01000027v1_decoy	1	6979	2	302	4.32727	0.0432727	36.9	60
chrUn_JTFH01000030v1_decoy	1	6246	2	302	4.83509	0.0483509	35.7	60
chrUn_JTFH01000031v1_decoy	1	5926	10	954	16.0985	0.252447	36.3	60
chrUn_JTFH01000033v1_decoy	1	5898	2	302	5.12038	0.0512038	36.4	60
chrUn_JTFH01000040v1_decoy	1	5246	10	1219	23.2368	0.281738	35.2	60
chrUn_JTFH01000041v1_decoy	1	5118	2	302	5.90074	0.0590074	36.1	60
chrUn_JTFH01000048v1_decoy	1	4710	8	992	21.0616	0.245223	33.7	55.1
chrUn_JTFH01000050v1_decoy	1	4645	7	934	20.1076	0.201076	35.8	45.7
chrUn_JTFH01000052v1_decoy	1	4439	3	399	8.98851	0.0898851	30.6	41.7
chrUn_JTFH01000054v1_decoy	1	4409	2	302	6.84963	0.0684963	36.9	60
chrUn_JTFH01000058v1_decoy	1	4290	2	302	7.03963	0.0703963	36.1	0
chrUn_JTFH01000059v1_decoy	1	4242	2	121	2.85243	0.0570486	37	60
chrUn_JTFH01000060v1_decoy	1	4228	2	302	7.14286	0.0714286	36.7	60
chrUn_JTFH01000061v1_decoy	1	4222	4	604	14.306	0.14306	35.5	60
chrUn_JTFH01000064v1_decoy	1	4206	5	464	11.0319	0.173799	36.8	27.6
chrUn_JTFH01000066v1_decoy	1	4101	2	302	7.36406	0.0736406	36.1	60
chrUn_JTFH01000068v1_decoy	1	3967	7	980	24.7038	0.266448	36.6	60
chrUn_JTFH01000071v1_decoy	1	3930	4	496	12.6209	0.15369	36.3	60
chrUn_JTFH01000072v1_decoy	1	3929	9	861	21.914	0.280478	35.9	40.2
chrUn_JTFH01000074v1_decoy	1	3919	6	613	15.6417	0.231181	36.4	60
chrUn_JTFH01000077v1_decoy	1	3890	6	860	22.108	0.229563	35.7	54.7
chrUn_JTFH01000079v1_decoy	1	3846	2	302	7.85231	0.0785231	34.8	60
chrUn_JTFH01000083v1_decoy	1	3825	2	302	7.89542	0.0789542	36.3	60
chrUn_JTFH01000086v1_decoy	1	3801	4	604	15.8906	0.158906	36.1	60
chrUn_JTFH01000089v1_decoy	1	3701	6	816	22.0481	0.244799	35.6	60
chrUn_JTFH01000090v1_decoy	1	3698	5	624	16.874	0.203894	36.7	28.6
chrUn_JTFH01000093v1_decoy	1	3677	5	599	16.2905	0.196084	34.4	27.4
chrUn_JTFH01000094v1_decoy	1	3664	2	302	8.24236	0.0824236	36.5	60
chrUn_JTFH01000095v1_decoy	1	3613	1	151	4.17935	0.0417935	35.4	60
chrUn_JTFH01000096v1_decoy	1	3611	2	256	7.08945	0.0708945	36	60
chrUn_JTFH01000097v1_decoy	1	3606	4	542	15.0305	0.167499	33.5	60
chrUn_JTFH01000098v1_decoy	1	3584	4	479	13.365	0.168527	36.5	60
chrUn_JTFH01000099v1_decoy	1	3581	1	53	1.48003	0.0148003	35.6	0
chrUn_JTFH01000101v1_decoy	1	3528	2	302	8.56009	0.0856009	36.7	53.5
chrUn_JTFH01000102v1_decoy	1	3527	2	89	2.52339	0.0252339	34.9	2
chrUn_JTFH01000103v1_decoy	1	3496	2	302	8.63844	0.0863844	32.6	60
chrUn_JTFH01000106v1_decoy	1	3435	1	151	4.39592	0.0439592	35.6	60
chrUn_JTFH01000107v1_decoy	1	3391	8	863	25.4497	0.356237	36.6	60
chrUn_JTFH01000110v1_decoy	1	3361	3	447	13.2996	0.132996	36.4	60
chrUn_JTFH01000111v1_decoy	1	3351	6	715	21.3369	0.268577	34.9	40
chrUn_JTFH01000112v1_decoy	1	3340	5	693	20.7485	0.221557	36.4	48
chrUn_JTFH01000113v1_decoy	1	3320	1	144	4.33735	0.0433735	37	60
chrUn_JTFH01000114v1_decoy	1	3282	2	302	9.20171	0.0920171	36.5	60
chrUn_JTFH01000117v1_decoy	1	3258	2	284	8.717	0.0926949	37	60
chrUn_JTFH01000123v1_decoy	1	3212	5	532	16.5629	0.188979	31.2	40.6
chrUn_JTFH01000124v1_decoy	1	3194	8	870	27.2386	0.313713	34.3	46.1
chrUn_JTFH01000126v1_decoy	1	3177	6	585	18.4136	0.259364	36.5	60
chrUn_JTFH01000127v1_decoy	1	3176	7	692	21.7884	0.32966	36.5	44.1
chrUn_JTFH01000129v1_decoy	1	3170	4	534	16.8454	0.168454	35.8	45.8
chrUn_JTFH01000132v1_decoy	1	3143	5	355	11.2949	0.219854	35.2	10.4
chrUn_JTFH01000133v1_decoy	1	3137	2	302	9.62703	0.0962703	36.4	60
chrUn_JTFH01000134v1_decoy	1	3116	14	1645	52.792	0.622914	34.6	53.7
chrUn_JTFH01000135v1_decoy	1	3106	10	1347	43.3677	0.456214	35.9	38.4
chrUn_JTFH01000136v1_decoy	1	3093	8	692	22.3731	0.379567	34.8	55.5
chrUn_JTFH01000137v1_decoy	1	3079	2	302	9.80838	0.0980838	36.8	60
chrUn_JTFH01000139v1_decoy	1	3051	1	22	0.721075	0.00721075	19.4	3
chrUn_JTFH01000140v1_decoy	1	3015	3	373	12.3715	0.145605	34.3	50.3
chrUn_JTFH01000141v1_decoy	1	3012	4	603	20.0199	0.200199	33.3	59.5
chrUn_JTFH01000144v1_decoy	1	2997	7	818	27.294	0.318318	35	26.4
chrUn_JTFH01000146v1_decoy	1	2979	1	151	5.06882	0.0506882	36.5	14
chrUn_JTFH01000147v1_decoy	1	2967	2	302	10.1786	0.101786	36.3	60
chrUn_JTFH01000150v1_decoy	1	2954	6	800	27.0819	0.270819	34.8	54.2
chrUn_JTFH01000151v1_decoy	1	2952	7	737	24.9661	0.316734	36.2	48.6
chrUn_JTFH01000153v1_decoy	1	2918	14	725	24.8458	0.561686	34.8	8.57
chrUn_JTFH01000154v1_decoy	1	2895	7	930	32.1244	0.365112	36.2	60
chrUn_JTFH01000156v1_decoy	1	2879	13	69	2.39667	0.290726	30	0.846
chrUn_JTFH01000158v1_decoy	1	2872	12	1121	39.032	0.626741	35	60
chrUn_JTFH01000159v1_decoy	1	2868	1	69	2.40586	0.0240586	36.8	0
chrUn_JTFH01000161v1_decoy	1	2865	4	604	21.082	0.21082	36.5	60
chrUn_JTFH01000163v1_decoy	1	2859	3	453	15.8447	0.158447	36.8	60
chrUn_JTFH01000164v1_decoy	1	2854	4	604	21.1633	0.211633	35.7	55
chrUn_JTFH01000165v1_decoy	1	2830	2	183	6.46643	0.106714	36.6	60
chrUn_JTFH01000166v1_decoy	1	2828	6	446	15.7709	0.304809	36.1	56.7
chrUn_JTFH01000168v1_decoy	1	2819	2	302	10.713	0.10713	36.1	60
chrUn_JTFH01000169v1_decoy	1	2813	1	65	2.3107	0.023107	34.8	0
chrUn_JTFH01000174v1_decoy	1	2778	8	1083	38.9849	0.406048	34.7	60
chrUn_JTFH01000177v1_decoy	1	2769	1	36	1.30011	0.0130011	37	1
chrUn_JTFH01000178v1_decoy	1	2767	2	242	8.74593	0.109143	36.4	60
chrUn_JTFH01000179v1_decoy	1	2763	10	1127	40.789	0.521535	35.9	42.9
chrUn_JTFH01000180v1_decoy	1	2745	3	453	16.5027	0.165027	36.2	55.3
chrUn_JTFH01000181v1_decoy	1	2742	5	739	26.9511	0.275346	34.4	40
chrUn_JTFH01000182v1_decoy	1	2736	3	453	16.557	0.16557	36.2	60
chrUn_JTFH01000183v1_decoy	1	2729	2	101	3.70099	0.0740198	34.8	0
chrUn_JTFH01000185v1_decoy	1	2719	4	499	18.3523	0.21883	36.5	50
chrUn_JTFH01000190v1_decoy	1	2691	2	302	11.2226	0.112226	36.5	60
chrUn_JTFH01000191v1_decoy	1	2690	4	526	19.5539	0.195539	34	57.2
chrUn_JTFH01000192v1_decoy	1	2687	1	144	5.35914	0.0535914	36.9	0
chrUn_JTFH01000196v1_decoy	1	2663	4	553	20.7661	0.215546	32	60
chrUn_JTFH01000199v1_decoy	1	2642	2	302	11.4307	0.114307	36.4	60
chrUn_JTFH01000202v1_decoy	1	2628	6	695	26.446	0.344749	36.6	60
chrUn_JTFH01000205v1_decoy	1	2619	8	873	33.3333	0.379534	33.7	43.6
chrUn_JTFH01000206v1_decoy	1	2605	7	817	31.3628	0.405758	35.6	60
chrUn_JTFH01000208v1_decoy	1	2601	4	511	19.6463	0.232218	36.9	60
chrUn_JTFH01000212v1_decoy	1	2594	4	494	19.0439	0.21357	36	30
chrUn_JTFH01000214v1_decoy	1	2585	1	116	4.48743	0.0448743	36.1	0
chrUn_JTFH01000216v1_decoy	1	2578	4	604	23.429	0.23429	36.7	60
chrUn_JTFH01000217v1_decoy	1	2569	3	298	11.5998	0.143246	33.5	40
chrUn_JTFH01000218v1_decoy	1	2569	9	1018	39.6263	0.514597	36.5	51.6
chrUn_JTFH01000222v1_decoy	1	2546	2	302	11.8617	0.118617	36.6	60
chrUn_JTFH01000223v1_decoy	1	2545	15	790	31.0413	0.834185	35.7	26.1
chrUn_JTFH01000225v1_decoy	1	2533	4	584	23.0557	0.234899	35.4	41.5
chrUn_JTFH01000226v1_decoy	1	2522	1	151	5.98731	0.0598731	36.5	60
chrUn_JTFH01000227v1_decoy	1	2522	8	871	34.5361	0.432593	35.6	26
chrUn_JTFH01000230v1_decoy	1	2507	1	132	5.26526	0.0526526	32.8	10
chrUn_JTFH01000231v1_decoy	1	2504	1	151	6.03035	0.0603035	35.8	4
chrUn_JTFH01000232v1_decoy	1	2497	2	267	10.6928	0.120945	36.8	60
chrUn_JTFH01000234v1_decoy	1	2465	2	302	12.2515	0.122515	30.5	60
chrUn_JTFH01000236v1_decoy	1	2459	2	262	10.6547	0.122814	36.6	60
chrUn_JTFH01000241v1_decoy	1	2432	3	453	18.6266	0.186266	32.4	36.3
chrUn_JTFH01000242v1_decoy	1	2427	5	619	25.5047	0.264112	36.2	43.8
chrUn_JTFH01000243v1_decoy	1	2421	2	274	11.3176	0.113176	28.5	60
chrUn_JTFH01000245v1_decoy	1	2414	2	234	9.69345	0.124689	36.9	60
chrUn_JTFH01000248v1_decoy	1	2402	2	216	8.99251	0.125729	36.3	60
chrUn_JTFH01000249v1_decoy	1	2397	9	907	37.839	0.531081	36.3	46
chrUn_JTFH01000253v1_decoy	1	2382	2	302	12.6784	0.126784	36.8	60
chrUn_JTFH01000254v1_decoy	1	2381	2	242	10.1638	0.126837	36.7	60
chrUn_JTFH01000255v1_decoy	1	2380	2	302	12.6891	0.126891	36.9	60
chrUn_JTFH01000256v1_decoy	1	2368	1	151	6.37669	0.0637669	35	60
chrUn_JTFH01000257v1_decoy	1	2364	2	302	12.775	0.12775	36.6	39.5
chrUn_JTFH01000258v1_decoy	1	2363	4	604	25.5607	0.255607	35.8	30
chrUn_JTFH01000260v1_decoy	1	2339	2	302	12.9115	0.129115	36.4	60
chrUn_JTFH01000262v1_decoy	1	2332	2	302	12.9503	0.129503	36.3	60
chrUn_JTFH01000263v1_decoy	1	2331	1	82	3.5178	0.035178	33.9	0
chrUn_JTFH01000264v1_decoy	1	2330	2	176	7.55365	0.0755365	29.3	0
chrUn_JTFH01000266v1_decoy	1	2319	6	666	28.7193	0.390686	36.2	60
chrUn_JTFH01000267v1_decoy	1	2314	4	423	18.28	0.257995	34.9	60
chrUn_JTFH01000268v1_decoy	1	2308	3	427	18.5009	0.196274	36.7	60
chrUn_JTFH01000269v1_decoy	1	2306	10	973	42.1943	0.555074	35.4	36.4
chrUn_JTFH01000270v1_decoy	1	2296	2	248	10.8014	0.131533	35.7	60
chrUn_JTFH01000271v1_decoy	1	2287	2	161	7.03979	0.132051	36.9	60
chrUn_JTFH01000273v1_decoy	1	2276	15	526	23.1107	0.427944	34.9	5
chrUn_JTFH01000274v1_decoy	1	2273	2	147	6.46722	0.103828	36.1	48
chrUn_JTFH01000277v1_decoy	1	2252	6	906	40.2309	0.402309	36.3	52.8
chrUn_JTFH01000279v1_decoy	1	2239	4	569	25.4131	0.269763	36.7	60
chrUn_JTFH01000280v1_decoy	1	2223	26	256	11.516	1.4368	35.2	29.1
chrUn_JTFH01000283v1_decoy	1	2215	2	222	10.0226	0.136343	36.8	60
chrUn_JTFH01000285v1_decoy	1	2203	4	189	8.57921	0.116205	33.5	6
chrUn_JTFH01000287v1_decoy	1	2197	2	227	10.3323	0.13746	36.5	60
chrUn_JTFH01000288v1_decoy	1	2194	8	904	41.2033	0.475387	34.1	50.2
chrUn_JTFH01000291v1_decoy	1	2177	2	302	13.8723	0.138723	37	60
chrUn_JTFH01000292v1_decoy	1	2177	6	780	35.8291	0.416169	36.4	60
chrUn_JTFH01000295v1_decoy	1	2160	5	636	29.4444	0.331944	36.1	50
chrUn_JTFH01000297v1_decoy	1	2144	4	506	23.6007	0.240205	35.6	60
chrUn_JTFH01000298v1_decoy	1	2143	4	461	21.5119	0.274382	36.6	60
chrUn_JTFH01000299v1_decoy	1	2136	2	302	14.1386	0.141386	36.8	60
chrUn_JTFH01000302v1_decoy	1	2128	2	301	14.1447	0.141447	36.7	54
chrUn_JTFH01000305v1_decoy	1	2122	2	230	10.8388	0.142319	36.6	60
chrUn_JTFH01000306v1_decoy	1	2111	2	302	14.306	0.14306	33.1	27
chrUn_JTFH01000307v1_decoy	1	2106	1	151	7.16999	0.0716999	33.2	60
chrUn_JTFH01000308v1_decoy	1	2094	6	367	17.5263	0.261223	28.2	20.3
chrUn_JTFH01000315v1_decoy	1	2079	2	202	9.71621	0.145262	35.2	0
chrUn_JTFH01000317v1_decoy	1	2071	3	296	14.2926	0.190246	36	26
chrUn_JTFH01000323v1_decoy	1	2036	4	518	25.442	0.27554	36.1	55
chrUn_JTFH01000324v1_decoy	1	2035	6	659	32.3833	0.389189	34.9	41
chrUn_JTFH01000325v1_decoy	1	2034	2	276	13.5693	0.135693	36.5	50
chrUn_JTFH01000326v1_decoy	1	2032	6	737	36.2697	0.445374	36.9	60
chrUn_JTFH01000329v1_decoy	1	2021	8	735	36.3681	0.495299	35.9	45
chrUn_JTFH01000334v1_decoy	1	2005	4	440	21.9451	0.263342	36.4	60
chrUn_JTFH01000336v1_decoy	1	2001	1	151	7.54623	0.0754623	36.2	60
chrUn_JTFH01000339v1_decoy	1	1996	4	595	29.8096	0.302605	35.1	60
chrUn_JTFH01000340v1_decoy	1	1992	3	210	10.5422	0.205823	36.5	40
chrUn_JTFH01000343v1_decoy	1	1977	6	659	33.3333	0.456247	33	23.7
chrUn_JTFH01000345v1_decoy	1	1968	2	302	15.3455	0.153455	36.9	60
chrUn_JTFH01000346v1_decoy	1	1962	2	302	15.3925	0.153925	30.1	60
chrUn_JTFH01000347v1_decoy	1	1961	1	151	7.70015	0.0770015	35.6	52
chrUn_JTFH01000349v1_decoy	1	1960	2	231	11.7857	0.154082	34.7	0
chrUn_JTFH01000351v1_decoy	1	1952	4	565	28.9447	0.289447	35.6	60
chrUn_JTFH01000354v1_decoy	1	1943	1	151	7.77149	0.0777149	36.7	60
chrUn_JTFH01000357v1_decoy	1	1934	3	453	23.423	0.23423	35.8	54.3
chrUn_JTFH01000358v1_decoy	1	1929	2	210	10.8865	0.156558	36.3	60
chrUn_JTFH01000361v1_decoy	1	1923	6	761	39.5736	0.471139	34.8	60
chrUn_JTFH01000378v1_decoy	1	1879	3	333	17.7222	0.228845	36.4	40
chrUn_JTFH01000380v1_decoy	1	1876	4	491	26.1727	0.292111	36.7	60
chrUn_JTFH01000383v1_decoy	1	1872	2	302	16.1325	0.161325	36.9	60
chrUn_JTFH01000384v1_decoy	1	1869	2	302	16.1584	0.161584	36.3	60
chrUn_JTFH01000394v1_decoy	1	1854	3	342	18.4466	0.230852	35.4	60
chrUn_JTFH01000395v1_decoy	1	1850	2	248	13.4054	0.134054	36.2	34.5
chrUn_JTFH01000396v1_decoy	1	1849	2	266	14.3862	0.153056	36.8	60
chrUn_JTFH01000401v1_decoy	1	1821	4	604	33.1686	0.331686	36.6	60
chrUn_JTFH01000402v1_decoy	1	1815	7	800	44.0771	0.579063	33.8	48.6
chrUn_JTFH01000405v1_decoy	1	1808	2	302	16.7035	0.167035	34.6	60
chrUn_JTFH01000407v1_decoy	1	1807	3	453	25.0692	0.250692	36.6	60
chrUn_JTFH01000409v1_decoy	1	1801	2	302	16.7685	0.167685	36.9	60
chrUn_JTFH01000410v1_decoy	1	1800	4	524	29.1111	0.291667	31.1	51.8
chrUn_JTFH01000411v1_decoy	1	1795	3	429	23.8997	0.238997	35	27.7
chrUn_JTFH01000412v1_decoy	1	1794	1	151	8.41695	0.0841695	36.6	60
chrUn_JTFH01000417v1_decoy	1	1782	5	429	24.0741	0.354097	34.9	14.8
chrUn_JTFH01000418v1_decoy	1	1781	1	151	8.47838	0.0847838	36.1	20
chrUn_JTFH01000419v1_decoy	1	1781	2	302	16.9568	0.169568	36.4	50
chrUn_JTFH01000420v1_decoy	1	1779	4	352	19.7864	0.279933	35.8	60
chrUn_JTFH01000423v1_decoy	1	1762	2	252	14.3019	0.171396	36.6	60
chrUn_JTFH01000424v1_decoy	1	1755	7	54	3.07692	0.196581	26	0
chrUn_JTFH01000425v1_decoy	1	1749	2	272	15.5517	0.168096	35.5	60
chrUn_JTFH01000426v1_decoy	1	1747	2	43	2.46136	0.0492272	36.4	19.5
chrUn_JTFH01000427v1_decoy	1	1746	2	163	9.33562	0.167239	30.1	50.5
chrUn_JTFH01000429v1_decoy	1	1744	3	445	25.5161	0.255161	36.8	44
chrUn_JTFH01000430v1_decoy	1	1742	5	645	37.0264	0.370264	36.1	48.8
chrUn_JTFH01000434v1_decoy	1	1735	2	302	17.4063	0.174063	36.6	60
chrUn_JTFH01000437v1_decoy	1	1730	2	302	17.4566	0.174566	35.4	60
chrUn_JTFH01000443v1_decoy	1	1708	1	151	8.84075	0.0884075	34.8	0
chrUn_JTFH01000447v1_decoy	1	1704	2	282	16.5493	0.165493	35.2	27
chrUn_JTFH01000449v1_decoy	1	1698	2	302	17.7856	0.177856	36.7	60
chrUn_JTFH01000450v1_decoy	1	1697	2	285	16.7943	0.167943	36.7	45
chrUn_JTFH01000451v1_decoy	1	1697	2	302	17.7961	0.177961	32.4	60
chrUn_JTFH01000454v1_decoy	1	1693	2	302	17.8382	0.178382	36.2	60
chrUn_JTFH01000458v1_decoy	1	1679	2	302	17.9869	0.179869	35.8	60
chrUn_JTFH01000460v1_decoy	1	1678	5	607	36.174	0.44994	36.7	60
chrUn_JTFH01000461v1_decoy	1	1674	1	54	3.22581	0.0322581	37	11
chrUn_JTFH01000466v1_decoy	1	1663	7	557	33.4937	0.498497	32.8	42.1
chrUn_JTFH01000470v1_decoy	1	1650	2	302	18.303	0.18303	36.7	60
chrUn_JTFH01000476v1_decoy	1	1632	2	302	18.5049	0.185049	36	60
chrUn_JTFH01000480v1_decoy	1	1624	2	213	13.1158	0.185961	36.8	60
chrUn_JTFH01000486v1_decoy	1	1606	1	151	9.40224	0.0940224	33.2	60
chrUn_JTFH01000489v1_decoy	1	1600	2	302	18.875	0.18875	36.5	60
chrUn_JTFH01000492v1_decoy	1	1597	1	42	2.62993	0.0262993	34.9	35
chrUn_JTFH01000499v1_decoy	1	1578	1	151	9.56907	0.0956907	34	28
chrUn_JTFH01000505v1_decoy	1	1574	2	302	19.1868	0.191868	36.7	60
chrUn_JTFH01000506v1_decoy	1	1572	4	330	20.9924	0.367684	36.4	52.5
chrUn_JTFH01000510v1_decoy	1	1561	7	790	50.6086	0.67713	35.7	52
chrUn_JTFH01000511v1_decoy	1	1560	2	302	19.359	0.19359	36.2	60
chrUn_JTFH01000512v1_decoy	1	1560	1	151	9.67949	0.0967949	36.7	60
chrUn_JTFH01000513v1_decoy	1	1554	1	122	7.85071	0.0785071	35.4	60
chrUn_JTFH01000523v1_decoy	1	1527	4	451	29.535	0.388998	30.7	21.8
chrUn_JTFH01000526v1_decoy	1	1523	4	453	29.7439	0.38608	36.7	45
chrUn_JTFH01000536v1_decoy	1	1496	2	302	20.1872	0.201872	36.6	60
chrUn_JTFH01000539v1_decoy	1	1490	1	47	3.15436	0.0315436	35.9	25
chrUn_JTFH01000540v1_decoy	1	1487	2	254	17.0814	0.203093	36.4	60
chrUn_JTFH01000541v1_decoy	1	1486	2	291	19.5828	0.195828	34.1	60
chrUn_JTFH01000542v1_decoy	1	1485	2	288	19.3939	0.193939	35.8	45
chrUn_JTFH01000543v1_decoy	1	1484	10	789	53.1671	0.956873	35.8	26.2
chrUn_JTFH01000548v1_decoy	1	1475	2	302	20.4746	0.204746	36.6	53.5
chrUn_JTFH01000550v1_decoy	1	1469	1	151	10.2791	0.102791	35.4	17
chrUn_JTFH01000553v1_decoy	1	1465	6	493	33.6519	0.584983	35.6	60
chrUn_JTFH01000554v1_decoy	1	1464	2	302	20.6284	0.206284	36.3	60
chrUn_JTFH01000557v1_decoy	1	1459	6	383	26.2509	0.470185	35.7	36
chrUn_JTFH01000559v1_decoy	1	1458	6	484	33.1962	0.602195	33.1	39.8
chrUn_JTFH01000561v1_decoy	1	1454	2	302	20.7703	0.207703	36	60
chrUn_JTFH01000564v1_decoy	1	1448	1	151	10.4282	0.104282	34.7	60
chrUn_JTFH01000569v1_decoy	1	1439	2	291	20.2224	0.202224	37	50
chrUn_JTFH01000572v1_decoy	1	1429	2	125	8.74738	0.0874738	34	0
chrUn_JTFH01000585v1_decoy	1	1413	1	151	10.6865	0.106865	36.4	60
chrUn_JTFH01000589v1_decoy	1	1406	2	302	21.4794	0.214794	36.6	50
chrUn_JTFH01000594v1_decoy	1	1402	1	151	10.7703	0.107703	32.8	17
chrUn_JTFH01000595v1_decoy	1	1402	3	453	32.311	0.32311	34.1	60
chrUn_JTFH01000596v1_decoy	1	1402	4	316	22.5392	0.326676	35.4	46.5
chrUn_JTFH01000598v1_decoy	1	1400	1	151	10.7857	0.107857	35.9	60
chrUn_JTFH01000600v1_decoy	1	1396	6	848	60.745	0.648997	36.5	56.7
chrUn_JTFH01000602v1_decoy	1	1394	1	151	10.8321	0.108321	36.3	60
chrUn_JTFH01000606v1_decoy	1	1389	3	302	21.7423	0.326134	32.3	60
chrUn_JTFH01000609v1_decoy	1	1384	2	184	13.2948	0.218208	34.2	60
chrUn_JTFH01000610v1_decoy	1	1381	3	279	20.2028	0.238957	35.4	60
chrUn_JTFH01000612v1_decoy	1	1379	2	209	15.1559	0.151559	34	60
chrUn_JTFH01000617v1_decoy	1	1374	1	42	3.05677	0.0305677	36.4	0
chrUn_JTFH01000618v1_decoy	1	1372	2	302	22.0117	0.220117	36.5	60
chrUn_JTFH01000619v1_decoy	1	1371	5	558	40.7002	0.480671	36.4	32.8
chrUn_JTFH01000626v1_decoy	1	1355	3	267	19.7048	0.213284	31.3	17.3
chrUn_JTFH01000628v1_decoy	1	1352	11	834	61.6864	1.20414	36.3	51.2
chrUn_JTFH01000629v1_decoy	1	1345	4	406	30.1859	0.407435	35.9	30
chrUn_JTFH01000637v1_decoy	1	1333	9	421	31.5829	0.612153	32	15
chrUn_JTFH01000638v1_decoy	1	1332	6	465	34.9099	0.671171	35.6	46.7
chrUn_JTFH01000641v1_decoy	1	1328	2	302	22.741	0.22741	36.4	60
chrUn_JTFH01000645v1_decoy	1	1320	2	226	17.1212	0.228788	37	60
chrUn_JTFH01000646v1_decoy	1	1319	4	601	45.5648	0.457923	36.6	60
chrUn_JTFH01000651v1_decoy	1	1313	2	302	23.0008	0.230008	36.5	60
chrUn_JTFH01000653v1_decoy	1	1310	3	453	34.5802	0.345802	36.6	52.3
chrUn_JTFH01000660v1_decoy	1	1303	3	433	33.231	0.347659	36.7	60
chrUn_JTFH01000665v1_decoy	1	1300	2	302	23.2308	0.232308	33.6	60
chrUn_JTFH01000666v1_decoy	1	1299	1	151	11.6243	0.116243	36.4	0
chrUn_JTFH01000667v1_decoy	1	1297	2	285	21.9738	0.232845	36	50
chrUn_JTFH01000668v1_decoy	1	1295	2	178	13.7452	0.137452	34.9	0
chrUn_JTFH01000672v1_decoy	1	1291	5	596	46.1658	0.565453	35.1	48
chrUn_JTFH01000677v1_decoy	1	1287	1	149	11.5773	0.115773	36.9	18
chrUn_JTFH01000694v1_decoy	1	1254	4	355	28.3094	0.481659	36.7	60
chrUn_JTFH01000704v1_decoy	1	1241	2	302	24.3352	0.243352	36.7	60
chrUn_JTFH01000707v1_decoy	1	1239	3	312	25.1816	0.351897	36.1	37
chrUn_JTFH01000712v1_decoy	1	1234	1	151	12.2366	0.122366	36.8	32
chrUn_JTFH01000717v1_decoy	1	1232	2	209	16.9643	0.169643	36.8	30
chrUn_JTFH01000720v1_decoy	1	1228	8	719	58.5505	0.983713	36.4	60
chrUn_JTFH01000722v1_decoy	1	1227	2	302	24.6129	0.246129	36.2	60
chrUn_JTFH01000723v1_decoy	1	1226	2	302	24.633	0.24633	36.2	60
chrUn_JTFH01000730v1_decoy	1	1216	4	502	41.2829	0.456414	36.4	49
chrUn_JTFH01000732v1_decoy	1	1214	2	302	24.8764	0.248764	34.9	60
chrUn_JTFH01000734v1_decoy	1	1214	2	185	15.2389	0.248764	35.4	60
chrUn_JTFH01000738v1_decoy	1	1208	2	302	25	0.25	36.8	49.5
chrUn_JTFH01000746v1_decoy	1	1204	1	138	11.4618	0.114618	36.7	1
chrUn_JTFH01000749v1_decoy	1	1203	4	334	27.7639	0.404821	36.3	41.2
chrUn_JTFH01000750v1_decoy	1	1201	2	264	21.9817	0.248959	35.8	9
chrUn_JTFH01000759v1_decoy	1	1194	1	151	12.6466	0.126466	36.2	60
chrUn_JTFH01000760v1_decoy	1	1194	3	326	27.3032	0.373534	36.6	60
chrUn_JTFH01000762v1_decoy	1	1189	8	185	15.5593	0.973928	35.9	7.75
chrUn_JTFH01000766v1_decoy	1	1183	2	100	8.45309	0.16568	32.9	44.5
chrUn_JTFH01000780v1_decoy	1	1171	3	200	17.0794	0.386849	36.6	60
chrUn_JTFH01000782v1_decoy	1	1170	2	180	15.3846	0.25812	36.3	15
chrUn_JTFH01000796v1_decoy	1	1150	5	560	48.6957	0.656522	36.5	57.2
chrUn_JTFH01000797v1_decoy	1	1150	1	151	13.1304	0.131304	35.9	60
chrUn_JTFH01000798v1_decoy	1	1147	3	453	39.4943	0.394943	36.1	60
chrUn_JTFH01000799v1_decoy	1	1147	2	285	24.8474	0.248474	33.8	0
chrUn_JTFH01000800v1_decoy	1	1146	2	173	15.096	0.263525	33.2	60
chrUn_JTFH01000801v1_decoy	1	1144	1	111	9.7028	0.097028	36.6	0
chrUn_JTFH01000802v1_decoy	1	1144	1	151	13.1993	0.131993	35.6	16
chrUn_JTFH01000806v1_decoy	1	1141	2	291	25.5039	0.255039	36.5	46
chrUn_JTFH01000808v1_decoy	1	1138	3	453	39.8067	0.398067	33.9	54.3
chrUn_JTFH01000810v1_decoy	1	1134	1	44	3.88007	0.0388007	37	0
chrUn_JTFH01000811v1_decoy	1	1132	2	292	25.7951	0.257951	36.4	60
chrUn_JTFH01000816v1_decoy	1	1126	2	302	26.8206	0.268206	36.1	60
chrUn_JTFH01000820v1_decoy	1	1121	4	421	37.5558	0.474576	36.1	60
chrUn_JTFH01000840v1_decoy	1	1107	1	151	13.6405	0.136405	34.9	51
chrUn_JTFH01000843v1_decoy	1	1103	8	627	56.845	0.910245	33.2	54.2
chrUn_JTFH01000844v1_decoy	1	1103	2	247	22.3935	0.273799	36.6	60
chrUn_JTFH01000845v1_decoy	1	1103	2	302	27.3799	0.273799	37	60
chrUn_JTFH01000850v1_decoy	1	1096	2	302	27.5547	0.275547	36.8	45.5
chrUn_JTFH01000851v1_decoy	1	1096	3	395	36.0401	0.409672	35.6	40
chrUn_JTFH01000852v1_decoy	1	1094	3	428	39.1225	0.391225	36.1	55.3
chrUn_JTFH01000854v1_decoy	1	1090	2	263	24.1284	0.241284	33	60
chrUn_JTFH01000860v1_decoy	1	1084	2	196	18.0812	0.180812	30.3	60
chrUn_JTFH01000867v1_decoy	1	1081	2	261	24.1443	0.241443	35.5	60
chrUn_JTFH01000869v1_decoy	1	1079	2	192	17.7943	0.279889	36.4	60
chrUn_JTFH01000870v1_decoy	1	1076	6	601	55.855	0.768587	36.2	53.5
chrUn_JTFH01000872v1_decoy	1	1073	28	266	24.7903	2.86114	34.8	9.64
chrUn_JTFH01000873v1_decoy	1	1073	2	302	28.1454	0.281454	36.1	60
chrUn_JTFH01000874v1_decoy	1	1071	3	401	37.4416	0.398693	35.3	41.7
chrUn_JTFH01000876v1_decoy	1	1067	474	853	79.9438	63.1687	35.9	30.3
chrUn_JTFH01000880v1_decoy	1	1065	1	151	14.1784	0.141784	32.2	17
chrUn_JTFH01000885v1_decoy	1	1064	2	216	20.3008	0.203008	34.4	60
chrUn_JTFH01000897v1_decoy	1	1055	1	151	14.3128	0.143128	36.8	60
chrUn_JTFH01000902v1_decoy	1	1051	2	292	27.7831	0.277831	36.7	50
chrUn_JTFH01000913v1_decoy	1	1045	3	263	25.1675	0.433493	36.3	60
chrUn_JTFH01000922v1_decoy	1	1035	2	302	29.1787	0.291787	35.2	33
chrUn_JTFH01000923v1_decoy	1	1035	1	132	12.7536	0.127536	36.8	21
chrUn_JTFH01000927v1_decoy	1	1031	3	307	29.7769	0.43453	33.6	60
chrUn_JTFH01000934v1_decoy	1	1024	2	217	21.1914	0.294922	36.4	60
chrUn_JTFH01000935v1_decoy	1	1022	3	204	19.9609	0.231898	34.8	20
chrUn_JTFH01000937v1_decoy	1	1021	2	275	26.9344	0.295788	36.6	39
chrUn_JTFH01000938v1_decoy	1	1020	1	33	3.23529	0.0323529	35.2	9
chrUn_JTFH01000942v1_decoy	1	1018	4	479	47.053	0.59332	36.9	60
chrUn_JTFH01000946v1_decoy	1	1009	1	151	14.9653	0.149653	34.6	60
chrUn_JTFH01000950v1_decoy	1	1005	2	165	16.4179	0.300498	36.5	60
chrUn_JTFH01000957v1_decoy	1	1003	3	301	30.01	0.3001	34.6	25.7
chrUn_JTFH01000962v1_decoy	1	8358	2	188	2.24934	0.036133	36.5	0
chrUn_JTFH01000963v1_decoy	1	7932	2	302	3.80736	0.0380736	35.2	50
chrUn_JTFH01000965v1_decoy	1	4591	6	762	16.5977	0.197343	34.2	38
chrUn_JTFH01000967v1_decoy	1	3841	1	151	3.93127	0.0393127	31.6	0
chrUn_JTFH01000968v1_decoy	1	3754	8	1045	27.837	0.301012	35.2	57.5
chrUn_JTFH01000969v1_decoy	1	3743	4	336	8.97676	0.129842	36.6	55
chrUn_JTFH01000971v1_decoy	1	3625	7	922	25.4345	0.289655	34.8	43.1
chrUn_JTFH01000972v1_decoy	1	3529	2	284	8.04761	0.0855767	36.8	60
chrUn_JTFH01000973v1_decoy	1	3508	5	573	16.3341	0.193843	35.5	24.8
chrUn_JTFH01000974v1_decoy	1	3359	2	302	8.99077	0.0899077	36.9	60
chrUn_JTFH01000976v1_decoy	1	3231	4	471	14.5775	0.186939	36.8	60
chrUn_JTFH01000977v1_decoy	1	3220	2	193	5.99379	0.0599379	36.4	0
chrUn_JTFH01000978v1_decoy	1	3212	4	464	14.4458	0.188045	35.4	56.5
chrUn_JTFH01000979v1_decoy	1	3192	15	1354	42.4185	0.702068	35.6	55.7
chrUn_JTFH01000980v1_decoy	1	3092	2	188	6.08021	0.0976714	36.9	60
chrUn_JTFH01000981v1_decoy	1	3087	2	302	9.78296	0.0978296	30	60
chrUn_JTFH01000982v1_decoy	1	3048	8	862	28.2808	0.396325	36.8	60
chrUn_JTFH01000984v1_decoy	1	3004	7	936	31.1585	0.338549	35.4	42.9
chrUn_JTFH01000985v1_decoy	1	2959	1	151	5.10308	0.0510308	36.9	0
chrUn_JTFH01000986v1_decoy	1	2934	7	957	32.6176	0.34833	35	43.1
chrUn_JTFH01000987v1_decoy	1	2933	2	234	7.97818	0.0797818	36.7	30
chrUn_JTFH01000989v1_decoy	1	2794	2	302	10.8089	0.108089	36.1	60
chrUn_JTFH01000990v1_decoy	1	2749	2	302	10.9858	0.109858	35.3	60
chrUn_JTFH01000992v1_decoy	1	2733	4	403	14.7457	0.221003	36.5	11.8
chrUn_JTFH01000994v1_decoy	1	2665	2	300	11.257	0.113321	36.2	0
chrUn_JTFH01000995v1_decoy	1	2634	4	604	22.9309	0.229309	36.4	60
chrUn_JTFH01000997v1_decoy	1	2489	9	840	33.7485	0.442346	34.7	24.3
chrUn_JTFH01000998v1_decoy	1	2468	4	604	24.4733	0.244733	35.5	55
chrUn_JTFH01000999v1_decoy	1	2414	6	906	37.5311	0.375311	35.8	60
chrUn_JTFH01001001v1_decoy	1	2356	2	302	12.8183	0.128183	35.6	60
chrUn_JTFH01001002v1_decoy	1	2339	10	890	38.0504	0.645575	34.3	47.6
chrUn_JTFH01001003v1_decoy	1	2310	1	151	6.5368	0.065368	35.5	0
chrUn_JTFH01001004v1_decoy	1	2288	1	151	6.59965	0.0659965	35.6	60
chrUn_JTFH01001007v1_decoy	1	2253	1	125	5.54816	0.0554816	37	13
chrUn_JTFH01001011v1_decoy	1	2155	1	131	6.07889	0.0607889	37	0
chrUn_JTFH01001012v1_decoy	1	2149	5	725	33.7366	0.349	36.5	48.8
chrUn_JTFH01001013v1_decoy	1	2129	4	428	20.1033	0.212306	36.2	33
chrUn_JTFH01001014v1_decoy	1	2116	1	151	7.13611	0.0713611	36.6	0
chrUn_JTFH01001015v1_decoy	1	2113	2	295	13.9612	0.142925	36.7	60
chrUn_JTFH01001016v1_decoy	1	2098	2	279	13.2984	0.143947	36.8	50
chrUn_JTFH01001017v1_decoy	1	2066	1	42	2.03291	0.0203291	36.7	0
chrUn_JTFH01001018v1_decoy	1	2066	3	377	18.2478	0.182478	36.4	40
chrUn_JTFH01001020v1_decoy	1	2047	5	521	25.4519	0.368832	36.3	20.6
chrUn_JTFH01001021v1_decoy	1	2040	6	656	32.1569	0.423529	35.1	17
chrUn_JTFH01001022v1_decoy	1	2030	3	214	10.5419	0.136453	36.5	2
chrUn_JTFH01001025v1_decoy	1	1992	2	302	15.1606	0.151606	36.8	9.5
chrUn_JTFH01001028v1_decoy	1	1957	1	149	7.61369	0.0761369	36.6	3
chrUn_JTFH01001029v1_decoy	1	1953	4	529	27.0865	0.309268	36.8	60
chrUn_JTFH01001031v1_decoy	1	1936	3	321	16.5806	0.190599	35.4	26.7
chrUn_JTFH01001034v1_decoy	1	1878	1	151	8.04047	0.0804047	36.8	2
chrUn_JTFH01001037v1_decoy	1	1813	2	302	16.6575	0.166575	36.4	60
chrUn_JTFH01001039v1_decoy	1	1804	7	565	31.3193	0.585366	35.6	52.9
chrUn_JTFH01001040v1_decoy	1	1797	1	151	8.40289	0.0840289	36.8	60
chrUn_JTFH01001042v1_decoy	1	1781	2	255	14.3178	0.143178	33.9	60
chrUn_JTFH01001046v1_decoy	1	1741	4	579	33.2567	0.346927	36.7	42
chrUn_JTFH01001050v1_decoy	1	1689	1	151	8.9402	0.089402	35.6	0
chrUn_JTFH01001055v1_decoy	1	1632	1	151	9.25245	0.0925245	36.4	18
chrUn_JTFH01001058v1_decoy	1	1622	4	343	21.1467	0.37238	36.7	38.5
chrUn_JTFH01001059v1_decoy	1	1622	2	302	18.619	0.18619	36.3	48.5
chrUn_JTFH01001061v1_decoy	1	1606	2	285	17.746	0.17746	36.3	60
chrUn_JTFH01001063v1_decoy	1	1592	5	509	31.9724	0.474246	34.6	56
chrUn_JTFH01001064v1_decoy	1	1558	1	39	2.50321	0.0250321	36	0
chrUn_JTFH01001065v1_decoy	1	1545	2	302	19.5469	0.195469	36.2	60
chrUn_JTFH01001067v1_decoy	1	1540	3	368	23.8961	0.238961	36.8	29
chrUn_JTFH01001070v1_decoy	1	1515	2	302	19.934	0.19934	36.6	59
chrUn_JTFH01001074v1_decoy	1	1499	4	298	19.8799	0.21014	33.4	3
chrUn_JTFH01001077v1_decoy	1	1492	1	151	10.1206	0.101206	36.9	3
chrUn_JTFH01001080v1_decoy	1	1485	2	239	16.0943	0.203367	37	0
chrUn_JTFH01001084v1_decoy	1	1463	4	564	38.5509	0.41285	35.4	60
chrUn_JTFH01001087v1_decoy	1	1456	2	302	20.7418	0.207418	36.2	0
chrUn_JTFH01001090v1_decoy	1	1441	2	298	20.6801	0.209577	36.2	50.5
chrUn_JTFH01001092v1_decoy	1	1425	6	865	60.7018	0.607719	34.8	53.7
chrUn_JTFH01001093v1_decoy	1	1418	2	224	15.7969	0.157969	33	18
chrUn_JTFH01001101v1_decoy	1	1382	10	642	46.4544	0.866136	34.2	19.8
chrUn_JTFH01001104v1_decoy	1	1371	3	293	21.3713	0.213713	32.5	20
chrUn_JTFH01001106v1_decoy	1	1364	1	130	9.53079	0.0953079	36.3	6
chrUn_JTFH01001107v1_decoy	1	1356	1	151	11.1357	0.111357	37	0
chrUn_JTFH01001109v1_decoy	1	1352	2	251	18.5651	0.223373	36.4	50
chrUn_JTFH01001111v1_decoy	1	1346	2	117	8.69242	0.173848	34.2	43.5
chrUn_JTFH01001112v1_decoy	1	1345	1	151	11.2268	0.112268	36.8	0
chrUn_JTFH01001113v1_decoy	1	1340	1	151	11.2687	0.112687	36.4	60
chrUn_JTFH01001117v1_decoy	1	1316	2	302	22.9483	0.229483	36.7	60
chrUn_JTFH01001121v1_decoy	1	1303	1	134	10.284	0.10284	35.6	0
chrUn_JTFH01001139v1_decoy	1	1263	2	219	17.3397	0.173397	29.4	0
chrUn_JTFH01001140v1_decoy	1	1249	1	151	12.0897	0.120897	32.7	60
chrUn_JTFH01001143v1_decoy	1	1235	2	302	24.4534	0.244534	29.6	60
chrUn_JTFH01001144v1_decoy	1	1235	5	530	42.915	0.603239	32.6	60
chrUn_JTFH01001145v1_decoy	1	1233	1	143	11.5977	0.115977	35.5	7
chrUn_JTFH01001149v1_decoy	1	1223	1	45	3.67948	0.0367948	36.7	0
chrUn_JTFH01001151v1_decoy	1	1213	4	348	28.6892	0.399011	36.5	30
chrUn_JTFH01001152v1_decoy	1	1211	4	145	11.9736	0.196532	34.2	30.2
chrUn_JTFH01001155v1_decoy	1	1199	1	50	4.17014	0.0417014	28.6	31
chrUn_JTFH01001161v1_decoy	1	1184	2	295	24.9155	0.249155	36.7	40
chrUn_JTFH01001162v1_decoy	1	1184	1	151	12.7534	0.127534	36.7	0
chrUn_JTFH01001166v1_decoy	1	1169	2	297	25.4063	0.254063	33.8	27
chrUn_JTFH01001167v1_decoy	1	1167	2	302	25.8783	0.258783	35.9	53.5
chrUn_JTFH01001168v1_decoy	1	1166	2	302	25.9005	0.259005	36.6	50
chrUn_JTFH01001175v1_decoy	1	1157	2	272	23.5091	0.235091	34.1	25
chrUn_JTFH01001176v1_decoy	1	1157	5	348	30.0778	0.617113	35.5	12.2
chrUn_JTFH01001180v1_decoy	1	1148	1	151	13.1533	0.131533	36.5	15
chrUn_JTFH01001181v1_decoy	1	1148	2	59	5.13937	0.0775261	34.9	25
chrUn_JTFH01001189v1_decoy	1	1127	2	266	23.6025	0.267968	36.7	58.5
chrUn_JTFH01001191v1_decoy	1	1118	5	520	46.5116	0.673524	31.4	44
chrUn_JTFH01001193v1_decoy	1	1104	1	102	9.23913	0.0923913	37	60
chrUn_JTFH01001203v1_decoy	1	1084	2	302	27.8598	0.278598	35.1	50
chrUn_JTFH01001204v1_decoy	1	1083	2	302	27.8855	0.278855	36.3	30
chrUn_JTFH01001205v1_decoy	1	1083	2	290	26.7775	0.273315	36	42.5
chrUn_JTFH01001214v1_decoy	1	1062	2	264	24.8588	0.248588	36.5	36
chrUn_JTFH01001223v1_decoy	1	1052	1	151	14.3536	0.143536	32.2	60
chrUn_JTFH01001225v1_decoy	1	1049	2	252	24.0229	0.240229	36.7	50
chrUn_JTFH01001233v1_decoy	1	1040	1	151	14.5192	0.145192	34.7	31
chrUn_JTFH01001235v1_decoy	1	1038	1	151	14.5472	0.145472	36.7	17
chrUn_JTFH01001237v1_decoy	1	1037	1	151	14.5612	0.145612	35.3	59
chrUn_JTFH01001238v1_decoy	1	1035	6	574	55.4589	0.743961	36	32
chrUn_JTFH01001252v1_decoy	1	1003	2	302	30.1097	0.301097	35.6	60
chrUn_JTFH01001253v1_decoy	1	1001	2	302	30.1698	0.301698	35.6	50
chrUn_JTFH01001255v1_decoy	1	1000	3	181	18.1	0.453	36.4	49.3
chrUn_JTFH01001257v1_decoy	1	17929	9	1248	6.96079	0.075799	36.6	60
chrUn_JTFH01001259v1_decoy	1	8053	2	302	3.75016	0.0375016	32.1	60
chrUn_JTFH01001269v1_decoy	1	4195	4	510	12.1573	0.121573	31.6	60
chrUn_JTFH01001270v1_decoy	1	3807	2	302	7.93276	0.0793276	36.4	60
chrUn_JTFH01001271v1_decoy	1	3741	6	374	9.99733	0.133387	36.5	1.67
chrUn_JTFH01001273v1_decoy	1	3640	2	214	5.87912	0.082967	36.5	60
chrUn_JTFH01001274v1_decoy	1	3531	2	302	8.55282	0.0855282	36.2	60
chrUn_JTFH01001284v1_decoy	1	3127	1	151	4.82891	0.0482891	33.1	60
chrUn_JTFH01001289v1_decoy	1	3059	2	302	9.87251	0.0987251	36	60
chrUn_JTFH01001290v1_decoy	1	2990	2	278	9.29766	0.0929766	35.6	50
chrUn_JTFH01001297v1_decoy	1	2813	8	1184	42.0903	0.429435	35.1	54.5
chrUn_JTFH01001298v1_decoy	1	2785	1	151	5.4219	0.054219	36.4	60
chrUn_JTFH01001301v1_decoy	1	2658	1	151	5.68096	0.0568096	36.8	60
chrUn_JTFH01001305v1_decoy	1	2583	11	1107	42.8571	0.587302	36.6	36.7
chrUn_JTFH01001309v1_decoy	1	2481	2	302	12.1725	0.121725	36.7	49
chrUn_JTFH01001310v1_decoy	1	2478	8	1067	43.0589	0.480226	35.8	57.5
chrUn_JTFH01001312v1_decoy	1	2467	4	373	15.1196	0.244832	36	60
chrUn_JTFH01001313v1_decoy	1	2442	1	30	1.2285	0.012285	36.6	0
chrUn_JTFH01001317v1_decoy	1	2395	154	1304	54.4468	9.15532	36.1	16.2
chrUn_JTFH01001319v1_decoy	1	2337	182	1972	84.3817	10.9598	36	19.8
chrUn_JTFH01001320v1_decoy	1	2322	2	302	13.006	0.13006	36	60
chrUn_JTFH01001321v1_decoy	1	2307	2	302	13.0906	0.130906	36.8	60
chrUn_JTFH01001322v1_decoy	1	2306	2	302	13.0963	0.130963	35.3	60
chrUn_JTFH01001329v1_decoy	1	2228	2	259	11.6248	0.116248	33.1	38.5
chrUn_JTFH01001330v1_decoy	1	2215	3	335	15.1242	0.151242	35.3	40
chrUn_JTFH01001332v1_decoy	1	2191	104	1156	52.7613	6.78275	36	23.3
chrUn_JTFH01001333v1_decoy	1	2191	2	302	13.7837	0.137837	37	60
chrUn_JTFH01001335v1_decoy	1	2184	2	198	9.06593	0.138278	35.6	48
chrUn_JTFH01001336v1_decoy	1	2166	51	1364	62.9732	3.16528	35.7	13
chrUn_JTFH01001337v1_decoy	1	2165	12	518	23.9261	0.693764	36	18.8
chrUn_JTFH01001338v1_decoy	1	2162	2	244	11.2858	0.112858	27.5	60
chrUn_JTFH01001340v1_decoy	1	2116	2	237	11.2004	0.142722	36.3	60
chrUn_JTFH01001342v1_decoy	1	2108	1	22	1.04364	0.0104364	21.9	0
chrUn_JTFH01001345v1_decoy	1	2106	4	501	23.7892	0.237892	36.5	36.8
chrUn_JTFH01001346v1_decoy	1	2097	3	385	18.3596	0.183596	35.4	60
chrUn_JTFH01001348v1_decoy	1	2058	1	151	7.33722	0.0733722	36.7	60
chrUn_JTFH01001349v1_decoy	1	2055	1	151	7.34793	0.0734793	30.9	60
chrUn_JTFH01001350v1_decoy	1	2054	1	151	7.35151	0.0735151	34.3	60
chrUn_JTFH01001353v1_decoy	1	2032	6	522	25.689	0.363189	36.7	7.83
chrUn_JTFH01001356v1_decoy	1	2014	2	203	10.0794	0.14995	35.9	60
chrUn_JTFH01001358v1_decoy	1	2001	3	220	10.9945	0.12094	32.1	0
chrUn_JTFH01001360v1_decoy	1	1990	2	302	15.1759	0.151759	36.4	60
chrUn_JTFH01001365v1_decoy	1	1963	2	302	15.3846	0.153846	31.8	60
chrUn_JTFH01001367v1_decoy	1	1929	2	241	12.4935	0.156558	36.7	60
chrUn_JTFH01001368v1_decoy	1	1881	2	302	16.0553	0.160553	36.4	60
chrUn_JTFH01001374v1_decoy	1	1826	6	653	35.7612	0.365279	36.8	18.2
chrUn_JTFH01001375v1_decoy	1	1814	45	1354	74.6417	3.64774	36.3	24.9
chrUn_JTFH01001376v1_decoy	1	1814	2	302	16.6483	0.166483	36.6	60
chrUn_JTFH01001377v1_decoy	1	1791	7	584	32.6075	0.569514	36	24.9
chrUn_JTFH01001378v1_decoy	1	1789	4	454	25.3773	0.335942	32.6	36.5
chrUn_JTFH01001387v1_decoy	1	1751	40	866	49.4575	2.257	35.4	12.7
chrUn_JTFH01001388v1_decoy	1	1749	3	453	25.9005	0.259005	36.6	60
chrUn_JTFH01001390v1_decoy	1	1729	78	1406	81.3187	6.22499	36.1	8.28
chrUn_JTFH01001391v1_decoy	1	1726	2	187	10.8343	0.174971	36.3	60
chrUn_JTFH01001393v1_decoy	1	1712	2	302	17.6402	0.176402	36.4	60
chrUn_JTFH01001394v1_decoy	1	1711	3	349	20.3974	0.264757	34.7	42
chrUn_JTFH01001395v1_decoy	1	1703	2	267	15.6782	0.156782	33.4	49.5
chrUn_JTFH01001398v1_decoy	1	1686	4	453	26.8683	0.358244	36.3	59
chrUn_JTFH01001399v1_decoy	1	1684	2	150	8.90736	0.0890736	30.6	30
chrUn_JTFH01001400v1_decoy	1	1680	2	302	17.9762	0.179762	36.6	60
chrUn_JTFH01001403v1_decoy	1	1677	2	302	18.0083	0.180083	36.4	60
chrUn_JTFH01001405v1_decoy	1	1672	205	1612	96.4115	17.6023	35.9	18.5
chrUn_JTFH01001410v1_decoy	1	1660	1	151	9.09639	0.0909639	33.5	60
chrUn_JTFH01001416v1_decoy	1	1645	2	301	18.2979	0.182979	36	55.5
chrUn_JTFH01001424v1_decoy	1	1603	3	358	22.3331	0.223331	34	41.3
chrUn_JTFH01001425v1_decoy	1	1599	2	243	15.197	0.188868	36.8	60
chrUn_JTFH01001426v1_decoy	1	1589	2	64	4.02769	0.0805538	36.2	0
chrUn_JTFH01001430v1_decoy	1	1584	44	1231	77.7146	4.10795	35.5	24
chrUn_JTFH01001432v1_decoy	1	1572	2	278	17.6845	0.186387	36.6	60
chrUn_JTFH01001433v1_decoy	1	1570	129	1089	69.3631	11.5739	36.2	21.7
chrUn_JTFH01001435v1_decoy	1	1568	1	131	8.35459	0.0835459	36.9	0
chrUn_JTFH01001437v1_decoy	1	1565	1	151	9.64856	0.0964856	36.7	57
chrUn_JTFH01001444v1_decoy	1	1541	2	302	19.5977	0.195977	36.4	0
chrUn_JTFH01001446v1_decoy	1	1537	10	729	47.4301	0.819779	35.7	42.8
chrUn_JTFH01001452v1_decoy	1	1509	2	46	3.04838	0.0569914	26	0
chrUn_JTFH01001453v1_decoy	1	1507	4	589	39.0843	0.390843	33.8	31
chrUn_JTFH01001454v1_decoy	1	1500	2	302	20.1333	0.201333	36.4	60
chrUn_JTFH01001458v1_decoy	1	1496	2	302	20.1872	0.201872	35.9	60
chrUn_JTFH01001460v1_decoy	1	1486	3	436	29.3405	0.304845	35.9	54.3
chrUn_JTFH01001465v1_decoy	1	1472	350	1088	73.913	34.3213	35.9	27.3
chrUn_JTFH01001471v1_decoy	1	1457	2	199	13.6582	0.136582	36.6	50
chrUn_JTFH01001472v1_decoy	1	1448	2	302	20.8564	0.208564	32.2	60
chrUn_JTFH01001474v1_decoy	1	1444	1	52	3.60111	0.0360111	33.5	0
chrUn_JTFH01001478v1_decoy	1	1432	131	1228	85.7542	12.9637	35.8	20.9
chrUn_JTFH01001479v1_decoy	1	1430	2	249	17.4126	0.211189	36.2	27
chrUn_JTFH01001486v1_decoy	1	1420	2	302	21.2676	0.212676	32.1	60
chrUn_JTFH01001497v1_decoy	1	1397	1	151	10.8089	0.108089	31.8	0
chrUn_JTFH01001506v1_decoy	1	1374	98	685	49.8544	9.59825	36.2	25.3
chrUn_JTFH01001509v1_decoy	1	1373	2	302	21.9956	0.219956	30.6	60
chrUn_JTFH01001510v1_decoy	1	1372	2	194	14.1399	0.218659	36.5	60
chrUn_JTFH01001512v1_decoy	1	1367	485	1267	92.6847	50.8808	35.9	25.9
chrUn_JTFH01001513v1_decoy	1	1365	2	208	15.2381	0.221245	35.5	60
chrUn_JTFH01001517v1_decoy	1	1355	2	211	15.572	0.222878	34.1	60
chrUn_JTFH01001520v1_decoy	1	1353	5	569	42.0547	0.558019	34	60
chrUn_JTFH01001521v1_decoy	1	1349	1	151	11.1935	0.111935	36.8	60
chrUn_JTFH01001522v1_decoy	1	1345	1	151	11.2268	0.112268	32.2	49
chrUn_JTFH01001523v1_decoy	1	1344	2	182	13.5417	0.135417	35.5	30
chrUn_JTFH01001526v1_decoy	1	1338	2	302	22.571	0.22571	34.3	60
chrUn_JTFH01001532v1_decoy	1	1324	1	151	11.4048	0.114048	36.5	0
chrUn_JTFH01001539v1_decoy	1	1304	5	293	22.4693	0.354294	35.4	2.8
chrUn_JTFH01001545v1_decoy	1	1298	4	534	41.1402	0.465331	36.5	60
chrUn_JTFH01001549v1_decoy	1	1283	75	1053	82.0733	8.36399	36.1	14.2
chrUn_JTFH01001553v1_decoy	1	1271	70	1271	100	7.8812	36.1	27.8
chrUn_JTFH01001554v1_decoy	1	1271	2	302	23.7608	0.237608	34	60
chrUn_JTFH01001556v1_decoy	1	1264	10	676	53.481	1.18038	36	30
chrUn_JTFH01001574v1_decoy	1	1234	4	417	33.7925	0.489465	36	60
chrUn_JTFH01001584v1_decoy	1	1221	2	286	23.4234	0.247338	36.5	0
chrUn_JTFH01001585v1_decoy	1	1221	1	151	12.3669	0.123669	34	60
chrUn_JTFH01001599v1_decoy	1	1202	2	302	25.1248	0.251248	36.4	60
chrUn_JTFH01001605v1_decoy	1	1195	1	38	3.17992	0.0317992	37	0
chrUn_JTFH01001610v1_decoy	1	1180	1	151	12.7966	0.127966	36.8	52
chrUn_JTFH01001611v1_decoy	1	1180	1	151	12.7966	0.127966	34.4	60
chrUn_JTFH01001613v1_decoy	1	1172	4	294	25.0853	0.419795	34.3	2.25
chrUn_JTFH01001621v1_decoy	1	1154	1	38	3.29289	0.0329289	37	60
chrUn_JTFH01001630v1_decoy	1	1127	4	604	53.5936	0.535936	35.8	56.8
chrUn_JTFH01001631v1_decoy	1	1127	3	333	29.5475	0.401952	35.8	60
chrUn_JTFH01001638v1_decoy	1	1121	4	324	28.9028	0.538805	36.2	60
chrUn_JTFH01001649v1_decoy	1	1101	1	151	13.7148	0.137148	33.4	60
chrUn_JTFH01001654v1_decoy	1	1095	2	302	27.5799	0.275799	35.8	60
chrUn_JTFH01001664v1_decoy	1	1080	4	383	35.463	0.510185	35.5	52
chrUn_JTFH01001669v1_decoy	1	1075	187	743	69.1163	23.9721	36.3	22.5
chrUn_JTFH01001677v1_decoy	1	1066	137	882	82.7392	18.1773	36.1	21.4
chrUn_JTFH01001680v1_decoy	1	1063	286	897	84.3838	40.2926	36	20.5
chrUn_JTFH01001711v1_decoy	1	1018	2	212	20.8251	0.29666	35.8	60
chrUn_JTFH01001724v1_decoy	1	1009	56	847	83.9445	8.02279	35.3	20.1
chrUn_JTFH01001729v1_decoy	1	1007	2	277	27.5074	0.297915	33.1	30
chrUn_JTFH01001736v1_decoy	1	11713	4	594	5.07129	0.0515666	36.2	30
chrUn_JTFH01001737v1_decoy	1	11263	4	405	3.59584	0.0451034	36.4	60
chrUn_JTFH01001738v1_decoy	1	9779	6	883	9.02955	0.0902955	35.4	56.7
chrUn_JTFH01001739v1_decoy	1	9568	27	2940	30.7274	0.398725	36	27.5
chrUn_JTFH01001740v1_decoy	1	9344	13	1531	16.3848	0.196704	36.4	42.6
chrUn_JTFH01001741v1_decoy	1	9188	1	98	1.06661	0.0106661	36	0
chrUn_JTFH01001742v1_decoy	1	9100	3	364	4	0.0487912	36.6	41
chrUn_JTFH01001743v1_decoy	1	8771	6	790	9.00695	0.100673	35.7	45.7
chrUn_JTFH01001744v1_decoy	1	8690	4	527	6.06444	0.0606444	36	38.5
chrUn_JTFH01001746v1_decoy	1	8058	11	1262	15.6615	0.199677	34.3	58.2
chrUn_JTFH01001747v1_decoy	1	7759	5	546	7.03699	0.082356	36.5	60
chrUn_JTFH01001748v1_decoy	1	7585	34	3113	41.0415	0.55913	36	32.4
chrUn_JTFH01001750v1_decoy	1	7461	13	1678	22.4903	0.261761	35.3	59.6
chrUn_JTFH01001751v1_decoy	1	7342	6	830	11.3048	0.1234	34.5	60
chrUn_JTFH01001752v1_decoy	1	7223	8	1054	14.5923	0.167244	36.4	60
chrUn_JTFH01001753v1_decoy	1	7064	4	313	4.43092	0.085504	35.9	38.2
chrUn_JTFH01001754v1_decoy	1	6916	4	552	7.98149	0.0873337	36.6	60
chrUn_JTFH01001756v1_decoy	1	6880	4	601	8.73547	0.0877907	36.4	60
chrUn_JTFH01001757v1_decoy	1	6857	7	938	13.6795	0.136795	36.2	60
chrUn_JTFH01001758v1_decoy	1	6840	2	216	3.15789	0.044152	36.5	60
chrUn_JTFH01001759v1_decoy	1	6728	2	302	4.4887	0.044887	36.4	0
chrUn_JTFH01001760v1_decoy	1	6688	2	244	3.64833	0.0451555	35.9	60
chrUn_JTFH01001761v1_decoy	1	6553	2	267	4.07447	0.0407447	36.7	15
chrUn_JTFH01001764v1_decoy	1	6295	2	241	3.82844	0.0479746	36.8	0
chrUn_JTFH01001767v1_decoy	1	6171	7	954	15.4594	0.171285	36	51.1
chrUn_JTFH01001768v1_decoy	1	6120	1	145	2.36928	0.0236928	30.8	2
chrUn_JTFH01001769v1_decoy	1	6105	2	250	4.095	0.0494676	36.8	60
chrUn_JTFH01001771v1_decoy	1	5893	6	771	13.0833	0.153742	35.9	60
chrUn_JTFH01001772v1_decoy	1	5829	2	302	5.18099	0.0518099	35.1	0
chrUn_JTFH01001776v1_decoy	1	5716	8	1140	19.944	0.211337	35.6	60
chrUn_JTFH01001777v1_decoy	1	5708	4	604	10.5816	0.105816	36.3	60
chrUn_JTFH01001778v1_decoy	1	5590	5	673	12.0394	0.127728	36	12.6
chrUn_JTFH01001780v1_decoy	1	5558	31	1479	26.6103	0.420115	34.6	10.6
chrUn_JTFH01001781v1_decoy	1	5418	5	322	5.94315	0.0594315	33.6	5.4
chrUn_JTFH01001783v1_decoy	1	5300	20	2182	41.1698	0.51	35.3	51.7
chrUn_JTFH01001784v1_decoy	1	5255	5	560	10.6565	0.142341	36.4	20.8
chrUn_JTFH01001785v1_decoy	1	5157	1	91	1.76459	0.0176459	33.6	0
chrUn_JTFH01001786v1_decoy	1	5130	1	151	2.94347	0.0294347	36.5	0
chrUn_JTFH01001787v1_decoy	1	4978	10	1115	22.3986	0.29329	36.2	54.4
chrUn_JTFH01001788v1_decoy	1	4957	1	147	2.9655	0.029655	35.4	58
chrUn_JTFH01001789v1_decoy	1	4947	2	204	4.12371	0.060845	36.6	60
chrUn_JTFH01001794v1_decoy	1	4641	2	261	5.62379	0.0650722	36.9	60
chrUn_JTFH01001797v1_decoy	1	4532	2	302	6.66372	0.0666372	36.2	56.5
chrUn_JTFH01001798v1_decoy	1	4503	4	604	13.4133	0.134133	33.8	30
chrUn_JTFH01001805v1_decoy	1	4277	4	604	14.122	0.14122	36.4	60
chrUn_JTFH01001806v1_decoy	1	4173	3	453	10.8555	0.108555	36.8	60
chrUn_JTFH01001807v1_decoy	1	4169	4	487	11.6815	0.116815	36.6	36
chrUn_JTFH01001808v1_decoy	1	4136	2	196	4.73888	0.0730174	36.9	0
chrUn_JTFH01001809v1_decoy	1	4101	7	970	23.6528	0.237747	34.5	44.6
chrUn_JTFH01001813v1_decoy	1	3973	2	302	7.60131	0.0760131	36.7	60
chrUn_JTFH01001815v1_decoy	1	3709	4	604	16.2847	0.162847	36.3	30
chrUn_JTFH01001816v1_decoy	1	3686	4	604	16.3863	0.163863	35.3	60
chrUn_JTFH01001818v1_decoy	1	3673	3	425	11.5709	0.115709	35.5	56
chrUn_JTFH01001819v1_decoy	1	3672	4	602	16.3943	0.163943	35.4	44
chrUn_JTFH01001821v1_decoy	1	3633	4	537	14.7812	0.166254	35.5	60
chrUn_JTFH01001822v1_decoy	1	3613	18	938	25.9618	0.479657	36	17.7
chrUn_JTFH01001823v1_decoy	1	3605	2	221	6.13037	0.0613037	33.6	1.5
chrUn_JTFH01001824v1_decoy	1	3592	1	149	4.14811	0.0414811	35.9	22
chrUn_JTFH01001825v1_decoy	1	3586	3	283	7.8918	0.125209	36.8	40
chrUn_JTFH01001827v1_decoy	1	3577	2	151	4.22141	0.0718479	34.1	21
chrUn_JTFH01001829v1_decoy	1	3510	11	953	27.151	0.438177	36.3	44.8
chrUn_JTFH01001830v1_decoy	1	3509	2	302	8.60644	0.0860644	36.7	60
chrUn_JTFH01001834v1_decoy	1	3427	4	604	17.6247	0.176247	36.5	30
chrUn_JTFH01001835v1_decoy	1	3395	11	1002	29.514	0.476583	34.7	19.7
chrUn_JTFH01001836v1_decoy	1	3367	4	544	16.1568	0.170181	36.3	55
chrUn_JTFH01001837v1_decoy	1	3337	4	510	15.2832	0.181001	36.5	60
chrUn_JTFH01001838v1_decoy	1	3324	2	302	9.08544	0.0908544	36.5	60
chrUn_JTFH01001844v1_decoy	1	3237	2	302	9.32963	0.0932963	34.6	60
chrUn_JTFH01001846v1_decoy	1	3200	2	302	9.4375	0.094375	33.4	40
chrUn_JTFH01001847v1_decoy	1	3195	14	1497	46.8545	0.639124	36	56
chrUn_JTFH01001848v1_decoy	1	3175	5	276	8.69291	0.104882	36.1	0.2
chrUn_JTFH01001849v1_decoy	1	3158	4	450	14.2495	0.18936	36	60
chrUn_JTFH01001850v1_decoy	1	3143	4	604	19.2173	0.192173	36.5	60
chrUn_JTFH01001851v1_decoy	1	3139	2	302	9.6209	0.096209	35.4	60
chrUn_JTFH01001852v1_decoy	1	3138	3	377	12.014	0.144359	36.7	60
chrUn_JTFH01001855v1_decoy	1	3132	2	302	9.6424	0.096424	34	60
chrUn_JTFH01001856v1_decoy	1	3095	2	302	9.75767	0.0975767	35.9	60
chrUn_JTFH01001857v1_decoy	1	3094	2	302	9.76083	0.0976083	36.6	60
chrUn_JTFH01001858v1_decoy	1	3093	4	512	16.5535	0.19528	35.9	60
chrUn_JTFH01001862v1_decoy	1	2967	102	752	25.3455	4.97472	35.8	24.8
chrUn_JTFH01001866v1_decoy	1	2933	45	1039	35.4245	1.78929	35.8	20.2
chrUn_JTFH01001867v1_decoy	1	2909	2	302	10.3816	0.103816	36.9	60
chrUn_JTFH01001868v1_decoy	1	2904	2	302	10.3994	0.103994	36.8	60
chrUn_JTFH01001869v1_decoy	1	2892	4	392	13.5546	0.152144	34.5	13.5
chrUn_JTFH01001870v1_decoy	1	2886	13	624	21.6216	0.313236	34.9	3.54
chrUn_JTFH01001874v1_decoy	1	2861	3	453	15.8336	0.158336	35.6	60
chrUn_JTFH01001875v1_decoy	1	2856	8	729	25.5252	0.35049	36	47.6
chrUn_JTFH01001876v1_decoy	1	2838	2	239	8.42142	0.105356	36.8	60
chrUn_JTFH01001878v1_decoy	1	2797	9	824	29.4601	0.396139	36.2	16.6
chrUn_JTFH01001879v1_decoy	1	2788	2	218	7.81923	0.108321	34.1	60
chrUn_JTFH01001880v1_decoy	1	2773	1	151	5.44537	0.0544537	36.2	60
chrUn_JTFH01001884v1_decoy	1	2725	3	341	12.5138	0.125138	30.5	10.3
chrUn_JTFH01001887v1_decoy	1	2669	3	283	10.6032	0.169726	36.7	60
chrUn_JTFH01001888v1_decoy	1	2663	40	1537	57.7169	1.4018	35.1	17.8
chrUn_JTFH01001889v1_decoy	1	2652	7	515	19.4193	0.262066	33.7	9.57
chrUn_JTFH01001892v1_decoy	1	2633	1	149	5.65894	0.0565894	36.8	0
chrUn_JTFH01001893v1_decoy	1	2629	4	289	10.9928	0.155953	34.8	14
chrUn_JTFH01001896v1_decoy	1	2566	1	151	5.88465	0.0588465	36.7	0
chrUn_JTFH01001898v1_decoy	1	2551	6	451	17.6793	0.22305	32	53.3
chrUn_JTFH01001899v1_decoy	1	2551	239	1897	74.363	12.8718	35.9	20.6
chrUn_JTFH01001903v1_decoy	1	2498	1	151	6.04484	0.0604484	33.9	0
chrUn_JTFH01001905v1_decoy	1	2483	3	409	16.472	0.182441	36.6	40
chrUn_JTFH01001906v1_decoy	1	2475	3	293	11.8384	0.17697	34.6	26.7
chrUn_JTFH01001908v1_decoy	1	2455	1	151	6.15071	0.0615071	36.6	60
chrUn_JTFH01001910v1_decoy	1	2437	1	34	1.39516	0.0139516	23.4	8
chrUn_JTFH01001911v1_decoy	1	2435	6	512	21.0267	0.318275	36.4	5.17
chrUn_JTFH01001914v1_decoy	1	2413	5	652	27.0203	0.309159	36.1	43.6
chrUn_JTFH01001915v1_decoy	1	2412	8	920	38.1426	0.493367	36	31.4
chrUn_JTFH01001916v1_decoy	1	2400	6	718	29.9167	0.360417	36.6	24
chrUn_JTFH01001917v1_decoy	1	2399	4	310	12.9221	0.148812	36.8	0
chrUn_JTFH01001918v1_decoy	1	2396	2	255	10.6427	0.120618	36.9	54
chrUn_JTFH01001919v1_decoy	1	2393	3	342	14.2917	0.142917	36.3	0.333
chrUn_JTFH01001920v1_decoy	1	2386	2	302	12.6572	0.126572	36.6	60
chrUn_JTFH01001921v1_decoy	1	2384	4	351	14.7232	0.198826	35.4	0
chrUn_JTFH01001922v1_decoy	1	2382	3	377	15.827	0.190176	36.7	60
chrUn_JTFH01001927v1_decoy	1	2361	2	282	11.9441	0.127912	37	60
chrUn_JTFH01001928v1_decoy	1	2353	8	424	18.0195	0.228644	35.4	9.75
chrUn_JTFH01001929v1_decoy	1	2349	599	1775	75.5641	35.5632	35.8	25.6
chrUn_JTFH01001931v1_decoy	1	2340	10	712	30.4274	0.498291	35.1	28.7
chrUn_JTFH01001934v1_decoy	1	2333	4	427	18.3026	0.183026	35.7	33
chrUn_JTFH01001935v1_decoy	1	2330	2	174	7.46781	0.129614	36.5	0
chrUn_JTFH01001936v1_decoy	1	2327	2	302	12.9781	0.129781	36.3	54
chrUn_JTFH01001937v1_decoy	1	2318	2	302	13.0285	0.130285	36.5	60
chrUn_JTFH01001938v1_decoy	1	2293	6	709	30.9202	0.391627	36.1	43.8
chrUn_JTFH01001939v1_decoy	1	2292	3	439	19.1536	0.197644	32.6	60
chrUn_JTFH01001940v1_decoy	1	2287	2	289	12.6366	0.126366	36.9	54
chrUn_JTFH01001941v1_decoy	1	2274	2	187	8.22339	0.0822339	36.8	0
chrUn_JTFH01001943v1_decoy	1	2267	4	397	17.5121	0.266431	36.9	60
chrUn_JTFH01001945v1_decoy	1	2257	2	302	13.3806	0.133806	36.4	27
chrUn_JTFH01001946v1_decoy	1	2240	5	572	25.5357	0.287946	33.6	36
chrUn_JTFH01001947v1_decoy	1	2239	6	590	26.351	0.393926	35.5	12.3
chrUn_JTFH01001948v1_decoy	1	2232	13	355	15.905	0.663082	35.8	5.23
chrUn_JTFH01001949v1_decoy	1	2230	4	375	16.8161	0.22287	36.3	24.2
chrUn_JTFH01001953v1_decoy	1	2214	5	422	19.0605	0.314363	35	16
chrUn_JTFH01001954v1_decoy	1	2210	2	262	11.8552	0.118552	36.5	1
chrUn_JTFH01001955v1_decoy	1	2203	2	283	12.8461	0.128461	35.7	7
chrUn_JTFH01001956v1_decoy	1	2197	4	161	7.32817	0.250797	36.5	2.5
chrUn_JTFH01001959v1_decoy	1	2179	13	802	36.8059	0.880679	36.4	37.3
chrUn_JTFH01001960v1_decoy	1	2178	6	616	28.2828	0.406795	36	21.3
chrUn_JTFH01001961v1_decoy	1	2178	31	1497	68.7328	2.01148	35.5	17.9
chrUn_JTFH01001963v1_decoy	1	2170	7	705	32.4885	0.465438	34.7	51.4
chrUn_JTFH01001965v1_decoy	1	2167	2	302	13.9363	0.139363	33.3	60
chrUn_JTFH01001966v1_decoy	1	2157	4	342	15.8554	0.195178	35.9	4.75
chrUn_JTFH01001969v1_decoy	1	2147	4	529	24.639	0.281323	36.5	60
chrUn_JTFH01001970v1_decoy	1	2145	4	369	17.2028	0.281585	34.9	30.8
chrUn_JTFH01001972v1_decoy	1	2142	4	525	24.5098	0.279178	36.6	35
chrUn_JTFH01001973v1_decoy	1	2136	150	1599	74.8596	9.61376	36.1	18.2
chrUn_JTFH01001974v1_decoy	1	2130	38	1069	50.1878	1.91878	35.5	10.9
chrUn_JTFH01001975v1_decoy	1	2128	1	142	6.67293	0.0667293	36.9	30
chrUn_JTFH01001976v1_decoy	1	2126	3	432	20.3198	0.203198	32.3	60
chrUn_JTFH01001978v1_decoy	1	2119	5	536	25.295	0.3563	36	27.6
chrUn_JTFH01001979v1_decoy	1	2107	15	1246	59.1362	1.0636	35.9	47.1
chrUn_JTFH01001980v1_decoy	1	2091	4	466	22.286	0.288857	36.4	60
chrUn_JTFH01001981v1_decoy	1	2087	314	1896	90.8481	20.9118	36.1	20
chrUn_JTFH01001982v1_decoy	1	2086	17	659	31.5916	0.861457	36.3	15.2
chrUn_JTFH01001984v1_decoy	1	2075	2	302	14.5542	0.145542	35.7	0
chrUn_JTFH01001985v1_decoy	1	2075	1	151	7.27711	0.0727711	34.5	0
chrUn_JTFH01001986v1_decoy	1	2072	11	1097	52.944	0.688224	35.7	38.1
chrUn_JTFH01001987v1_decoy	1	2068	385	1800	87.0406	26.5121	36.1	24.6
chrUn_JTFH01001990v1_decoy	1	2051	8	1024	49.9269	0.588981	36.3	56.5
chrUn_JTFH01001991v1_decoy	1	2050	3	409	19.9512	0.199512	35.8	9.33
chrUn_JTFH01001992v1_decoy	1	2033	3	306	15.0516	0.176586	36.9	40
chrUn_JTFH01001995v1_decoy	1	2011	1	146	7.26007	0.0726007	36.9	0
chrUn_JTFH01001997v1_decoy	1	2003	6	663	33.1003	0.423365	36.5	41
chrUn_JTFH01001998v1_decoy	1	2001	42	1085	54.2229	3.02749	36.1	26.6
HLA-A*01:14	1	3095	2	302	9.75767	0.0975767	36.7	0
HLA-C*04:01:01:01	1	3349	2	302	9.01762	0.0901762	36.8	0
HLA-C*12:99	1	3349	2	274	8.18155	0.0901762	36.9	0
HLA-DQA1*01:04:01:01	1	6484	2	302	4.65762	0.0465762	36.5	0
HLA-DQB1*05:01:01:02	1	7090	2	302	4.25952	0.0425952	32.3	0
HLA-DQB1*05:03:01:01	1	7089	2	302	4.26012	0.0426012	35.8	0
HLA-DRB1*04:03:01	1	15246	2	302	1.98085	0.0198085	36.6	0
HLA-DRB1*10:01:01	1	13501	4	604	4.47374	0.0447374	33.3	0
chr14_KI270726v1_random	1	43739	0	0	0	0	0	0
chrUn_KI270302v1	1	2274	0	0	0	0	0	0
chrUn_KI270304v1	1	2165	0	0	0	0	0	0
chrUn_KI270310v1	1	1201	0	0	0	0	0	0
chrUn_KI270317v1	1	37690	0	0	0	0	0	0
chrUn_KI270412v1	1	1179	0	0	0	0	0	0
chrUn_KI270411v1	1	2646	0	0	0	0	0	0
chrUn_KI270424v1	1	2140	0	0	0	0	0	0
chrUn_KI270422v1	1	1445	0	0	0	0	0	0
chrUn_KI270423v1	1	981	0	0	0	0	0	0
chrUn_KI270425v1	1	1884	0	0	0	0	0	0
chrUn_KI270516v1	1	1300	0	0	0	0	0	0
chrUn_KI270529v1	1	1899	0	0	0	0	0	0
chrUn_KI270528v1	1	2983	0	0	0	0	0	0
chrUn_KI270530v1	1	2168	0	0	0	0	0	0
chrUn_KI270548v1	1	1599	0	0	0	0	0	0
chrUn_KI270580v1	1	1553	0	0	0	0	0	0
chrUn_KI270329v1	1	1040	0	0	0	0	0	0
chrUn_KI270338v1	1	1428	0	0	0	0	0	0
chrUn_KI270363v1	1	1803	0	0	0	0	0	0
chrUn_KI270378v1	1	1048	0	0	0	0	0	0
chrUn_KI270379v1	1	1045	0	0	0	0	0	0
chrUn_KI270389v1	1	1298	0	0	0	0	0	0
chrUn_KI270390v1	1	2387	0	0	0	0	0	0
chrUn_KI270387v1	1	1537	0	0	0	0	0	0
chrUn_KI270395v1	1	1143	0	0	0	0	0	0
chrUn_KI270396v1	1	1880	0	0	0	0	0	0
chrUn_KI270388v1	1	1216	0	0	0	0	0	0
chrUn_KI270394v1	1	970	0	0	0	0	0	0
chrUn_KI270386v1	1	1788	0	0	0	0	0	0
chrUn_KI270391v1	1	1484	0	0	0	0	0	0
chrUn_KI270383v1	1	1750	0	0	0	0	0	0
chrUn_KI270393v1	1	1308	0	0	0	0	0	0
chrUn_KI270384v1	1	1658	0	0	0	0	0	0
chrUn_KI270392v1	1	971	0	0	0	0	0	0
chrUn_KI270381v1	1	1930	0	0	0	0	0	0
chrUn_KI270385v1	1	990	0	0	0	0	0	0
chrUn_KI270376v1	1	1136	0	0	0	0	0	0
chrUn_KI270372v1	1	1650	0	0	0	0	0	0
chrUn_KI270373v1	1	1451	0	0	0	0	0	0
chrUn_KI270375v1	1	2378	0	0	0	0	0	0
chrUn_KI270752v1	1	27745	0	0	0	0	0	0
chr19_KI270933v1_alt	1	170537	0	0	0	0	0	0
chrUn_KN707606v1_decoy	1	2200	0	0	0	0	0	0
chrUn_KN707609v1_decoy	1	1642	0	0	0	0	0	0
chrUn_KN707610v1_decoy	1	1393	0	0	0	0	0	0
chrUn_KN707612v1_decoy	1	1039	0	0	0	0	0	0
chrUn_KN707614v1_decoy	1	3122	0	0	0	0	0	0
chrUn_KN707615v1_decoy	1	1934	0	0	0	0	0	0
chrUn_KN707618v1_decoy	1	2295	0	0	0	0	0	0
chrUn_KN707619v1_decoy	1	1551	0	0	0	0	0	0
chrUn_KN707621v1_decoy	1	1222	0	0	0	0	0	0
chrUn_KN707622v1_decoy	1	1535	0	0	0	0	0	0
chrUn_KN707623v1_decoy	1	3784	0	0	0	0	0	0
chrUn_KN707624v1_decoy	1	1329	0	0	0	0	0	0
chrUn_KN707625v1_decoy	1	1238	0	0	0	0	0	0
chrUn_KN707627v1_decoy	1	5821	0	0	0	0	0	0
chrUn_KN707628v1_decoy	1	2960	0	0	0	0	0	0
chrUn_KN707629v1_decoy	1	1848	0	0	0	0	0	0
chrUn_KN707632v1_decoy	1	1424	0	0	0	0	0	0
chrUn_KN707633v1_decoy	1	1274	0	0	0	0	0	0
chrUn_KN707634v1_decoy	1	1007	0	0	0	0	0	0
chrUn_KN707635v1_decoy	1	1414	0	0	0	0	0	0
chrUn_KN707641v1_decoy	1	1647	0	0	0	0	0	0
chrUn_KN707649v1_decoy	1	1775	0	0	0	0	0	0
chrUn_KN707654v1_decoy	1	3644	0	0	0	0	0	0
chrUn_KN707665v1_decoy	1	2670	0	0	0	0	0	0
chrUn_KN707669v1_decoy	1	1184	0	0	0	0	0	0
chrUn_KN707674v1_decoy	1	2848	0	0	0	0	0	0
chrUn_KN707675v1_decoy	1	10556	0	0	0	0	0	0
chrUn_KN707676v1_decoy	1	9066	0	0	0	0	0	0
chrUn_KN707678v1_decoy	1	2462	0	0	0	0	0	0
chrUn_KN707679v1_decoy	1	1774	0	0	0	0	0	0
chrUn_KN707680v1_decoy	1	1297	0	0	0	0	0	0
chrUn_KN707683v1_decoy	1	4068	0	0	0	0	0	0
chrUn_KN707684v1_decoy	1	2940	0	0	0	0	0	0
chrUn_KN707685v1_decoy	1	3938	0	0	0	0	0	0
chrUn_KN707692v1_decoy	1	4813	0	0	0	0	0	0
chrUn_KN707694v1_decoy	1	1228	0	0	0	0	0	0
chrUn_KN707696v1_decoy	1	3828	0	0	0	0	0	0
chrUn_KN707697v1_decoy	1	1186	0	0	0	0	0	0
chrUn_KN707699v1_decoy	1	2795	0	0	0	0	0	0
chrUn_KN707700v1_decoy	1	3703	0	0	0	0	0	0
chrUn_KN707701v1_decoy	1	6722	0	0	0	0	0	0
chrUn_KN707704v1_decoy	1	2871	0	0	0	0	0	0
chrUn_KN707705v1_decoy	1	4632	0	0	0	0	0	0
chrUn_KN707706v1_decoy	1	4225	0	0	0	0	0	0
chrUn_KN707708v1_decoy	1	2305	0	0	0	0	0	0
chrUn_KN707711v1_decoy	1	4154	0	0	0	0	0	0
chrUn_KN707712v1_decoy	1	1243	0	0	0	0	0	0
chrUn_KN707713v1_decoy	1	1308	0	0	0	0	0	0
chrUn_KN707714v1_decoy	1	2922	0	0	0	0	0	0
chrUn_KN707715v1_decoy	1	3044	0	0	0	0	0	0
chrUn_KN707716v1_decoy	1	2888	0	0	0	0	0	0
chrUn_KN707718v1_decoy	1	4969	0	0	0	0	0	0
chrUn_KN707721v1_decoy	1	1105	0	0	0	0	0	0
chrUn_KN707722v1_decoy	1	2884	0	0	0	0	0	0
chrUn_KN707723v1_decoy	1	1124	0	0	0	0	0	0
chrUn_KN707724v1_decoy	1	1454	0	0	0	0	0	0
chrUn_KN707725v1_decoy	1	2565	0	0	0	0	0	0
chrUn_KN707726v1_decoy	1	2149	0	0	0	0	0	0
chrUn_KN707728v1_decoy	1	14625	0	0	0	0	0	0
chrUn_KN707729v1_decoy	1	7431	0	0	0	0	0	0
chrUn_KN707732v1_decoy	1	1227	0	0	0	0	0	0
chrUn_KN707737v1_decoy	1	1270	0	0	0	0	0	0
chrUn_KN707738v1_decoy	1	4365	0	0	0	0	0	0
chrUn_KN707741v1_decoy	1	5601	0	0	0	0	0	0
chrUn_KN707745v1_decoy	1	1276	0	0	0	0	0	0
chrUn_KN707746v1_decoy	1	5083	0	0	0	0	0	0
chrUn_KN707747v1_decoy	1	2075	0	0	0	0	0	0
chrUn_KN707751v1_decoy	1	3546	0	0	0	0	0	0
chrUn_KN707754v1_decoy	1	2243	0	0	0	0	0	0
chrUn_KN707758v1_decoy	1	2826	0	0	0	0	0	0
chrUn_KN707759v1_decoy	1	1221	0	0	0	0	0	0
chrUn_KN707760v1_decoy	1	1169	0	0	0	0	0	0
chrUn_KN707761v1_decoy	1	2319	0	0	0	0	0	0
chrUn_KN707762v1_decoy	1	3450	0	0	0	0	0	0
chrUn_KN707765v1_decoy	1	6020	0	0	0	0	0	0
chrUn_KN707766v1_decoy	1	2303	0	0	0	0	0	0
chrUn_KN707767v1_decoy	1	2552	0	0	0	0	0	0
chrUn_KN707769v1_decoy	1	1591	0	0	0	0	0	0
chrUn_KN707770v1_decoy	1	1209	0	0	0	0	0	0
chrUn_KN707772v1_decoy	1	8915	0	0	0	0	0	0
chrUn_KN707776v1_decoy	1	2618	0	0	0	0	0	0
chrUn_KN707777v1_decoy	1	10311	0	0	0	0	0	0
chrUn_KN707778v1_decoy	1	2440	0	0	0	0	0	0
chrUn_KN707779v1_decoy	1	12444	0	0	0	0	0	0
chrUn_KN707782v1_decoy	1	5277	0	0	0	0	0	0
chrUn_KN707784v1_decoy	1	3224	0	0	0	0	0	0
chrUn_KN707785v1_decoy	1	2631	0	0	0	0	0	0
chrUn_KN707786v1_decoy	1	5385	0	0	0	0	0	0
chrUn_KN707787v1_decoy	1	3678	0	0	0	0	0	0
chrUn_KN707789v1_decoy	1	1443	0	0	0	0	0	0
chrUn_KN707790v1_decoy	1	1098	0	0	0	0	0	0
chrUn_KN707792v1_decoy	1	1915	0	0	0	0	0	0
chrUn_KN707794v1_decoy	1	7219	0	0	0	0	0	0
chrUn_KN707795v1_decoy	1	3277	0	0	0	0	0	0
chrUn_KN707796v1_decoy	1	3473	0	0	0	0	0	0
chrUn_KN707797v1_decoy	1	4243	0	0	0	0	0	0
chrUn_KN707799v1_decoy	1	5095	0	0	0	0	0	0
chrUn_KN707800v1_decoy	1	2237	0	0	0	0	0	0
chrUn_KN707804v1_decoy	1	4383	0	0	0	0	0	0
chrUn_KN707805v1_decoy	1	5446	0	0	0	0	0	0
chrUn_KN707806v1_decoy	1	6252	0	0	0	0	0	0
chrUn_KN707808v1_decoy	1	3021	0	0	0	0	0	0
chrUn_KN707810v1_decoy	1	4563	0	0	0	0	0	0
chrUn_KN707812v1_decoy	1	3845	0	0	0	0	0	0
chrUn_KN707813v1_decoy	1	2272	0	0	0	0	0	0
chrUn_KN707814v1_decoy	1	4764	0	0	0	0	0	0
chrUn_KN707817v1_decoy	1	1762	0	0	0	0	0	0
chrUn_KN707818v1_decoy	1	1207	0	0	0	0	0	0
chrUn_KN707819v1_decoy	1	1331	0	0	0	0	0	0
chrUn_KN707820v1_decoy	1	8307	0	0	0	0	0	0
chrUn_KN707823v1_decoy	1	3970	0	0	0	0	0	0
chrUn_KN707824v1_decoy	1	1352	0	0	0	0	0	0
chrUn_KN707825v1_decoy	1	3040	0	0	0	0	0	0
chrUn_KN707826v1_decoy	1	2070	0	0	0	0	0	0
chrUn_KN707829v1_decoy	1	1835	0	0	0	0	0	0
chrUn_KN707830v1_decoy	1	4807	0	0	0	0	0	0
chrUn_KN707831v1_decoy	1	2201	0	0	0	0	0	0
chrUn_KN707834v1_decoy	1	1064	0	0	0	0	0	0
chrUn_KN707835v1_decoy	1	1932	0	0	0	0	0	0
chrUn_KN707837v1_decoy	1	1178	0	0	0	0	0	0
chrUn_KN707838v1_decoy	1	2926	0	0	0	0	0	0
chrUn_KN707839v1_decoy	1	1038	0	0	0	0	0	0
chrUn_KN707841v1_decoy	1	8992	0	0	0	0	0	0
chrUn_KN707843v1_decoy	1	4880	0	0	0	0	0	0
chrUn_KN707844v1_decoy	1	1766	0	0	0	0	0	0
chrUn_KN707847v1_decoy	1	1234	0	0	0	0	0	0
chrUn_KN707848v1_decoy	1	1205	0	0	0	0	0	0
chrUn_KN707849v1_decoy	1	2790	0	0	0	0	0	0
chrUn_KN707850v1_decoy	1	2006	0	0	0	0	0	0
chrUn_KN707851v1_decoy	1	4593	0	0	0	0	0	0
chrUn_KN707852v1_decoy	1	1579	0	0	0	0	0	0
chrUn_KN707855v1_decoy	1	3219	0	0	0	0	0	0
chrUn_KN707856v1_decoy	1	2300	0	0	0	0	0	0
chrUn_KN707858v1_decoy	1	2959	0	0	0	0	0	0
chrUn_KN707867v1_decoy	1	1544	0	0	0	0	0	0
chrUn_KN707868v1_decoy	1	1005	0	0	0	0	0	0
chrUn_KN707869v1_decoy	1	8632	0	0	0	0	0	0
chrUn_KN707880v1_decoy	1	1208	0	0	0	0	0	0
chrUn_KN707894v1_decoy	1	1366	0	0	0	0	0	0
chrUn_KN707907v1_decoy	1	7776	0	0	0	0	0	0
chrUn_KN707908v1_decoy	1	19837	0	0	0	0	0	0
chrUn_KN707909v1_decoy	1	1737	0	0	0	0	0	0
chrUn_KN707910v1_decoy	1	1098	0	0	0	0	0	0
chrUn_KN707911v1_decoy	1	1893	0	0	0	0	0	0
chrUn_KN707912v1_decoy	1	1281	0	0	0	0	0	0
chrUn_KN707917v1_decoy	1	1265	0	0	0	0	0	0
chrUn_KN707918v1_decoy	1	2623	0	0	0	0	0	0
chrUn_KN707919v1_decoy	1	4850	0	0	0	0	0	0
chrUn_KN707922v1_decoy	1	3041	0	0	0	0	0	0
chrUn_KN707923v1_decoy	1	1409	0	0	0	0	0	0
chrUn_KN707924v1_decoy	1	4596	0	0	0	0	0	0
chrUn_KN707925v1_decoy	1	11555	0	0	0	0	0	0
chrUn_KN707926v1_decoy	1	1266	0	0	0	0	0	0
chrUn_KN707927v1_decoy	1	1079	0	0	0	0	0	0
chrUn_KN707928v1_decoy	1	1087	0	0	0	0	0	0
chrUn_KN707929v1_decoy	1	1226	0	0	0	0	0	0
chrUn_KN707930v1_decoy	1	1131	0	0	0	0	0	0
chrUn_KN707931v1_decoy	1	1199	0	0	0	0	0	0
chrUn_KN707935v1_decoy	1	1312	0	0	0	0	0	0
chrUn_KN707937v1_decoy	1	7445	0	0	0	0	0	0
chrUn_KN707938v1_decoy	1	1770	0	0	0	0	0	0
chrUn_KN707940v1_decoy	1	1882	0	0	0	0	0	0
chrUn_KN707942v1_decoy	1	1300	0	0	0	0	0	0
chrUn_KN707943v1_decoy	1	5325	0	0	0	0	0	0
chrUn_KN707944v1_decoy	1	2043	0	0	0	0	0	0
chrUn_KN707945v1_decoy	1	1072	0	0	0	0	0	0
chrUn_KN707946v1_decoy	1	2463	0	0	0	0	0	0
chrUn_KN707947v1_decoy	1	1010	0	0	0	0	0	0
chrUn_KN707948v1_decoy	1	1432	0	0	0	0	0	0
chrUn_KN707949v1_decoy	1	1162	0	0	0	0	0	0
chrUn_KN707950v1_decoy	1	1095	0	0	0	0	0	0
chrUn_KN707952v1_decoy	1	1383	0	0	0	0	0	0
chrUn_KN707954v1_decoy	1	1648	0	0	0	0	0	0
chrUn_KN707955v1_decoy	1	2203	0	0	0	0	0	0
chrUn_KN707958v1_decoy	1	2474	0	0	0	0	0	0
chrUn_KN707960v1_decoy	1	1238	0	0	0	0	0	0
chrUn_KN707961v1_decoy	1	3410	0	0	0	0	0	0
chrUn_KN707977v1_decoy	1	1101	0	0	0	0	0	0
chrUn_KN707978v1_decoy	1	1101	0	0	0	0	0	0
chrUn_KN707981v1_decoy	1	2520	0	0	0	0	0	0
chrUn_KN707983v1_decoy	1	2606	0	0	0	0	0	0
chrUn_KN707991v1_decoy	1	2193	0	0	0	0	0	0
chrUn_JTFH01000006v1_decoy	1	10074	0	0	0	0	0	0
chrUn_JTFH01000011v1_decoy	1	8920	0	0	0	0	0	0
chrUn_JTFH01000014v1_decoy	1	8261	0	0	0	0	0	0
chrUn_JTFH01000015v1_decoy	1	8131	0	0	0	0	0	0
chrUn_JTFH01000019v1_decoy	1	7702	0	0	0	0	0	0
chrUn_JTFH01000021v1_decoy	1	7368	0	0	0	0	0	0
chrUn_JTFH01000024v1_decoy	1	7019	0	0	0	0	0	0
chrUn_JTFH01000026v1_decoy	1	6994	0	0	0	0	0	0
chrUn_JTFH01000028v1_decoy	1	6797	0	0	0	0	0	0
chrUn_JTFH01000029v1_decoy	1	6525	0	0	0	0	0	0
chrUn_JTFH01000032v1_decoy	1	5914	0	0	0	0	0	0
chrUn_JTFH01000034v1_decoy	1	5879	0	0	0	0	0	0
chrUn_JTFH01000035v1_decoy	1	5834	0	0	0	0	0	0
chrUn_JTFH01000036v1_decoy	1	5743	0	0	0	0	0	0
chrUn_JTFH01000037v1_decoy	1	5577	0	0	0	0	0	0
chrUn_JTFH01000038v1_decoy	1	5413	0	0	0	0	0	0
chrUn_JTFH01000039v1_decoy	1	5250	0	0	0	0	0	0
chrUn_JTFH01000042v1_decoy	1	5058	0	0	0	0	0	0
chrUn_JTFH01000043v1_decoy	1	4959	0	0	0	0	0	0
chrUn_JTFH01000044v1_decoy	1	4853	0	0	0	0	0	0
chrUn_JTFH01000045v1_decoy	1	4828	0	0	0	0	0	0
chrUn_JTFH01000046v1_decoy	1	4819	0	0	0	0	0	0
chrUn_JTFH01000047v1_decoy	1	4809	0	0	0	0	0	0
chrUn_JTFH01000049v1_decoy	1	4680	0	0	0	0	0	0
chrUn_JTFH01000051v1_decoy	1	4514	0	0	0	0	0	0
chrUn_JTFH01000053v1_decoy	1	4416	0	0	0	0	0	0
chrUn_JTFH01000055v1_decoy	1	4392	0	0	0	0	0	0
chrUn_JTFH01000056v1_decoy	1	4359	0	0	0	0	0	0
chrUn_JTFH01000057v1_decoy	1	4319	0	0	0	0	0	0
chrUn_JTFH01000062v1_decoy	1	4216	0	0	0	0	0	0
chrUn_JTFH01000063v1_decoy	1	4210	0	0	0	0	0	0
chrUn_JTFH01000065v1_decoy	1	4102	0	0	0	0	0	0
chrUn_JTFH01000067v1_decoy	1	4083	0	0	0	0	0	0
chrUn_JTFH01000069v1_decoy	1	3955	0	0	0	0	0	0
chrUn_JTFH01000070v1_decoy	1	3945	0	0	0	0	0	0
chrUn_JTFH01000073v1_decoy	1	3924	0	0	0	0	0	0
chrUn_JTFH01000075v1_decoy	1	3908	0	0	0	0	0	0
chrUn_JTFH01000076v1_decoy	1	3892	0	0	0	0	0	0
chrUn_JTFH01000078v1_decoy	1	3859	0	0	0	0	0	0
chrUn_JTFH01000080v1_decoy	1	3835	0	0	0	0	0	0
chrUn_JTFH01000081v1_decoy	1	3830	0	0	0	0	0	0
chrUn_JTFH01000082v1_decoy	1	3828	0	0	0	0	0	0
chrUn_JTFH01000084v1_decoy	1	3821	0	0	0	0	0	0
chrUn_JTFH01000085v1_decoy	1	3809	0	0	0	0	0	0
chrUn_JTFH01000087v1_decoy	1	3799	0	0	0	0	0	0
chrUn_JTFH01000088v1_decoy	1	3737	0	0	0	0	0	0
chrUn_JTFH01000091v1_decoy	1	3692	0	0	0	0	0	0
chrUn_JTFH01000092v1_decoy	1	3686	0	0	0	0	0	0
chrUn_JTFH01000100v1_decoy	1	3543	0	0	0	0	0	0
chrUn_JTFH01000104v1_decoy	1	3493	0	0	0	0	0	0
chrUn_JTFH01000105v1_decoy	1	3484	0	0	0	0	0	0
chrUn_JTFH01000108v1_decoy	1	3374	0	0	0	0	0	0
chrUn_JTFH01000109v1_decoy	1	3371	0	0	0	0	0	0
chrUn_JTFH01000115v1_decoy	1	3278	0	0	0	0	0	0
chrUn_JTFH01000116v1_decoy	1	3260	0	0	0	0	0	0
chrUn_JTFH01000118v1_decoy	1	3253	0	0	0	0	0	0
chrUn_JTFH01000119v1_decoy	1	3247	0	0	0	0	0	0
chrUn_JTFH01000120v1_decoy	1	3230	0	0	0	0	0	0
chrUn_JTFH01000121v1_decoy	1	3224	0	0	0	0	0	0
chrUn_JTFH01000122v1_decoy	1	3216	0	0	0	0	0	0
chrUn_JTFH01000125v1_decoy	1	3189	0	0	0	0	0	0
chrUn_JTFH01000128v1_decoy	1	3173	0	0	0	0	0	0
chrUn_JTFH01000130v1_decoy	1	3166	0	0	0	0	0	0
chrUn_JTFH01000131v1_decoy	1	3163	0	0	0	0	0	0
chrUn_JTFH01000138v1_decoy	1	3053	0	0	0	0	0	0
chrUn_JTFH01000142v1_decoy	1	3009	0	0	0	0	0	0
chrUn_JTFH01000143v1_decoy	1	2997	0	0	0	0	0	0
chrUn_JTFH01000145v1_decoy	1	2983	0	0	0	0	0	0
chrUn_JTFH01000148v1_decoy	1	2967	0	0	0	0	0	0
chrUn_JTFH01000149v1_decoy	1	2966	0	0	0	0	0	0
chrUn_JTFH01000152v1_decoy	1	2934	0	0	0	0	0	0
chrUn_JTFH01000155v1_decoy	1	2887	0	0	0	0	0	0
chrUn_JTFH01000157v1_decoy	1	2878	0	0	0	0	0	0
chrUn_JTFH01000160v1_decoy	1	2866	0	0	0	0	0	0
chrUn_JTFH01000162v1_decoy	1	2864	0	0	0	0	0	0
chrUn_JTFH01000167v1_decoy	1	2824	0	0	0	0	0	0
chrUn_JTFH01000170v1_decoy	1	2809	0	0	0	0	0	0
chrUn_JTFH01000171v1_decoy	1	2802	0	0	0	0	0	0
chrUn_JTFH01000172v1_decoy	1	2791	0	0	0	0	0	0
chrUn_JTFH01000173v1_decoy	1	2783	0	0	0	0	0	0
chrUn_JTFH01000175v1_decoy	1	2777	0	0	0	0	0	0
chrUn_JTFH01000176v1_decoy	1	2770	0	0	0	0	0	0
chrUn_JTFH01000184v1_decoy	1	2726	0	0	0	0	0	0
chrUn_JTFH01000186v1_decoy	1	2715	0	0	0	0	0	0
chrUn_JTFH01000187v1_decoy	1	2708	0	0	0	0	0	0
chrUn_JTFH01000188v1_decoy	1	2704	0	0	0	0	0	0
chrUn_JTFH01000189v1_decoy	1	2692	0	0	0	0	0	0
chrUn_JTFH01000193v1_decoy	1	2677	0	0	0	0	0	0
chrUn_JTFH01000194v1_decoy	1	2668	0	0	0	0	0	0
chrUn_JTFH01000195v1_decoy	1	2668	0	0	0	0	0	0
chrUn_JTFH01000197v1_decoy	1	2655	0	0	0	0	0	0
chrUn_JTFH01000198v1_decoy	1	2644	0	0	0	0	0	0
chrUn_JTFH01000200v1_decoy	1	2632	0	0	0	0	0	0
chrUn_JTFH01000201v1_decoy	1	2632	0	0	0	0	0	0
chrUn_JTFH01000203v1_decoy	1	2623	0	0	0	0	0	0
chrUn_JTFH01000204v1_decoy	1	2622	0	0	0	0	0	0
chrUn_JTFH01000207v1_decoy	1	2603	0	0	0	0	0	0
chrUn_JTFH01000209v1_decoy	1	2598	0	0	0	0	0	0
chrUn_JTFH01000210v1_decoy	1	2597	0	0	0	0	0	0
chrUn_JTFH01000211v1_decoy	1	2596	0	0	0	0	0	0
chrUn_JTFH01000213v1_decoy	1	2586	0	0	0	0	0	0
chrUn_JTFH01000215v1_decoy	1	2583	0	0	0	0	0	0
chrUn_JTFH01000219v1_decoy	1	2551	0	0	0	0	0	0
chrUn_JTFH01000220v1_decoy	1	2548	0	0	0	0	0	0
chrUn_JTFH01000221v1_decoy	1	2548	0	0	0	0	0	0
chrUn_JTFH01000224v1_decoy	1	2534	0	0	0	0	0	0
chrUn_JTFH01000228v1_decoy	1	2515	0	0	0	0	0	0
chrUn_JTFH01000229v1_decoy	1	2513	0	0	0	0	0	0
chrUn_JTFH01000233v1_decoy	1	2471	0	0	0	0	0	0
chrUn_JTFH01000235v1_decoy	1	2464	0	0	0	0	0	0
chrUn_JTFH01000237v1_decoy	1	2457	0	0	0	0	0	0
chrUn_JTFH01000238v1_decoy	1	2450	0	0	0	0	0	0
chrUn_JTFH01000239v1_decoy	1	2435	0	0	0	0	0	0
chrUn_JTFH01000240v1_decoy	1	2434	0	0	0	0	0	0
chrUn_JTFH01000244v1_decoy	1	2420	0	0	0	0	0	0
chrUn_JTFH01000246v1_decoy	1	2404	0	0	0	0	0	0
chrUn_JTFH01000247v1_decoy	1	2403	0	0	0	0	0	0
chrUn_JTFH01000250v1_decoy	1	2395	0	0	0	0	0	0
chrUn_JTFH01000251v1_decoy	1	2394	0	0	0	0	0	0
chrUn_JTFH01000252v1_decoy	1	2388	0	0	0	0	0	0
chrUn_JTFH01000259v1_decoy	1	2348	0	0	0	0	0	0
chrUn_JTFH01000261v1_decoy	1	2335	0	0	0	0	0	0
chrUn_JTFH01000265v1_decoy	1	2323	0	0	0	0	0	0
chrUn_JTFH01000272v1_decoy	1	2279	0	0	0	0	0	0
chrUn_JTFH01000275v1_decoy	1	2262	0	0	0	0	0	0
chrUn_JTFH01000276v1_decoy	1	2254	0	0	0	0	0	0
chrUn_JTFH01000278v1_decoy	1	2245	0	0	0	0	0	0
chrUn_JTFH01000281v1_decoy	1	2220	0	0	0	0	0	0
chrUn_JTFH01000282v1_decoy	1	2218	0	0	0	0	0	0
chrUn_JTFH01000284v1_decoy	1	2213	0	0	0	0	0	0
chrUn_JTFH01000286v1_decoy	1	2200	0	0	0	0	0	0
chrUn_JTFH01000289v1_decoy	1	2183	0	0	0	0	0	0
chrUn_JTFH01000290v1_decoy	1	2179	0	0	0	0	0	0
chrUn_JTFH01000293v1_decoy	1	2177	0	0	0	0	0	0
chrUn_JTFH01000294v1_decoy	1	2168	0	0	0	0	0	0
chrUn_JTFH01000296v1_decoy	1	2155	0	0	0	0	0	0
chrUn_JTFH01000300v1_decoy	1	2134	0	0	0	0	0	0
chrUn_JTFH01000301v1_decoy	1	2129	0	0	0	0	0	0
chrUn_JTFH01000303v1_decoy	1	2125	0	0	0	0	0	0
chrUn_JTFH01000304v1_decoy	1	2125	0	0	0	0	0	0
chrUn_JTFH01000309v1_decoy	1	2093	0	0	0	0	0	0
chrUn_JTFH01000310v1_decoy	1	2088	0	0	0	0	0	0
chrUn_JTFH01000311v1_decoy	1	2086	0	0	0	0	0	0
chrUn_JTFH01000312v1_decoy	1	2086	0	0	0	0	0	0
chrUn_JTFH01000313v1_decoy	1	2084	0	0	0	0	0	0
chrUn_JTFH01000314v1_decoy	1	2080	0	0	0	0	0	0
chrUn_JTFH01000316v1_decoy	1	2076	0	0	0	0	0	0
chrUn_JTFH01000318v1_decoy	1	2066	0	0	0	0	0	0
chrUn_JTFH01000319v1_decoy	1	2061	0	0	0	0	0	0
chrUn_JTFH01000320v1_decoy	1	2055	0	0	0	0	0	0
chrUn_JTFH01000321v1_decoy	1	2053	0	0	0	0	0	0
chrUn_JTFH01000322v1_decoy	1	2040	0	0	0	0	0	0
chrUn_JTFH01000327v1_decoy	1	2029	0	0	0	0	0	0
chrUn_JTFH01000328v1_decoy	1	2025	0	0	0	0	0	0
chrUn_JTFH01000330v1_decoy	1	2018	0	0	0	0	0	0
chrUn_JTFH01000331v1_decoy	1	2015	0	0	0	0	0	0
chrUn_JTFH01000332v1_decoy	1	2009	0	0	0	0	0	0
chrUn_JTFH01000333v1_decoy	1	2007	0	0	0	0	0	0
chrUn_JTFH01000335v1_decoy	1	2003	0	0	0	0	0	0
chrUn_JTFH01000337v1_decoy	1	2001	0	0	0	0	0	0
chrUn_JTFH01000338v1_decoy	1	2000	0	0	0	0	0	0
chrUn_JTFH01000341v1_decoy	1	1985	0	0	0	0	0	0
chrUn_JTFH01000342v1_decoy	1	1981	0	0	0	0	0	0
chrUn_JTFH01000344v1_decoy	1	1971	0	0	0	0	0	0
chrUn_JTFH01000348v1_decoy	1	1960	0	0	0	0	0	0
chrUn_JTFH01000350v1_decoy	1	1954	0	0	0	0	0	0
chrUn_JTFH01000352v1_decoy	1	1947	0	0	0	0	0	0
chrUn_JTFH01000353v1_decoy	1	1944	0	0	0	0	0	0
chrUn_JTFH01000355v1_decoy	1	1941	0	0	0	0	0	0
chrUn_JTFH01000356v1_decoy	1	1937	0	0	0	0	0	0
chrUn_JTFH01000359v1_decoy	1	1924	0	0	0	0	0	0
chrUn_JTFH01000360v1_decoy	1	1924	0	0	0	0	0	0
chrUn_JTFH01000362v1_decoy	1	1921	0	0	0	0	0	0
chrUn_JTFH01000363v1_decoy	1	1918	0	0	0	0	0	0
chrUn_JTFH01000364v1_decoy	1	1915	0	0	0	0	0	0
chrUn_JTFH01000365v1_decoy	1	1915	0	0	0	0	0	0
chrUn_JTFH01000366v1_decoy	1	1914	0	0	0	0	0	0
chrUn_JTFH01000367v1_decoy	1	1912	0	0	0	0	0	0
chrUn_JTFH01000368v1_decoy	1	1910	0	0	0	0	0	0
chrUn_JTFH01000369v1_decoy	1	1907	0	0	0	0	0	0
chrUn_JTFH01000370v1_decoy	1	1904	0	0	0	0	0	0
chrUn_JTFH01000371v1_decoy	1	1897	0	0	0	0	0	0
chrUn_JTFH01000372v1_decoy	1	1891	0	0	0	0	0	0
chrUn_JTFH01000373v1_decoy	1	1890	0	0	0	0	0	0
chrUn_JTFH01000374v1_decoy	1	1888	0	0	0	0	0	0
chrUn_JTFH01000375v1_decoy	1	1888	0	0	0	0	0	0
chrUn_JTFH01000376v1_decoy	1	1885	0	0	0	0	0	0
chrUn_JTFH01000377v1_decoy	1	1881	0	0	0	0	0	0
chrUn_JTFH01000379v1_decoy	1	1877	0	0	0	0	0	0
chrUn_JTFH01000381v1_decoy	1	1876	0	0	0	0	0	0
chrUn_JTFH01000382v1_decoy	1	1874	0	0	0	0	0	0
chrUn_JTFH01000385v1_decoy	1	1866	0	0	0	0	0	0
chrUn_JTFH01000386v1_decoy	1	1865	0	0	0	0	0	0
chrUn_JTFH01000387v1_decoy	1	1865	0	0	0	0	0	0
chrUn_JTFH01000388v1_decoy	1	1865	0	0	0	0	0	0
chrUn_JTFH01000389v1_decoy	1	1862	0	0	0	0	0	0
chrUn_JTFH01000390v1_decoy	1	1862	0	0	0	0	0	0
chrUn_JTFH01000391v1_decoy	1	1859	0	0	0	0	0	0
chrUn_JTFH01000392v1_decoy	1	1856	0	0	0	0	0	0
chrUn_JTFH01000393v1_decoy	1	1856	0	0	0	0	0	0
chrUn_JTFH01000397v1_decoy	1	1849	0	0	0	0	0	0
chrUn_JTFH01000398v1_decoy	1	1847	0	0	0	0	0	0
chrUn_JTFH01000399v1_decoy	1	1839	0	0	0	0	0	0
chrUn_JTFH01000400v1_decoy	1	1834	0	0	0	0	0	0
chrUn_JTFH01000403v1_decoy	1	1811	0	0	0	0	0	0
chrUn_JTFH01000404v1_decoy	1	1808	0	0	0	0	0	0
chrUn_JTFH01000406v1_decoy	1	1807	0	0	0	0	0	0
chrUn_JTFH01000408v1_decoy	1	1802	0	0	0	0	0	0
chrUn_JTFH01000413v1_decoy	1	1792	0	0	0	0	0	0
chrUn_JTFH01000414v1_decoy	1	1788	0	0	0	0	0	0
chrUn_JTFH01000415v1_decoy	1	1786	0	0	0	0	0	0
chrUn_JTFH01000416v1_decoy	1	1782	0	0	0	0	0	0
chrUn_JTFH01000421v1_decoy	1	1777	0	0	0	0	0	0
chrUn_JTFH01000422v1_decoy	1	1764	0	0	0	0	0	0
chrUn_JTFH01000428v1_decoy	1	1745	0	0	0	0	0	0
chrUn_JTFH01000431v1_decoy	1	1740	0	0	0	0	0	0
chrUn_JTFH01000432v1_decoy	1	1740	0	0	0	0	0	0
chrUn_JTFH01000433v1_decoy	1	1736	0	0	0	0	0	0
chrUn_JTFH01000435v1_decoy	1	1732	0	0	0	0	0	0
chrUn_JTFH01000436v1_decoy	1	1732	0	0	0	0	0	0
chrUn_JTFH01000438v1_decoy	1	1727	0	0	0	0	0	0
chrUn_JTFH01000439v1_decoy	1	1722	0	0	0	0	0	0
chrUn_JTFH01000440v1_decoy	1	1718	0	0	0	0	0	0
chrUn_JTFH01000441v1_decoy	1	1716	0	0	0	0	0	0
chrUn_JTFH01000442v1_decoy	1	1710	0	0	0	0	0	0
chrUn_JTFH01000444v1_decoy	1	1707	0	0	0	0	0	0
chrUn_JTFH01000445v1_decoy	1	1706	0	0	0	0	0	0
chrUn_JTFH01000446v1_decoy	1	1705	0	0	0	0	0	0
chrUn_JTFH01000448v1_decoy	1	1699	0	0	0	0	0	0
chrUn_JTFH01000452v1_decoy	1	1695	0	0	0	0	0	0
chrUn_JTFH01000453v1_decoy	1	1695	0	0	0	0	0	0
chrUn_JTFH01000455v1_decoy	1	1687	0	0	0	0	0	0
chrUn_JTFH01000456v1_decoy	1	1686	0	0	0	0	0	0
chrUn_JTFH01000457v1_decoy	1	1680	0	0	0	0	0	0
chrUn_JTFH01000459v1_decoy	1	1679	0	0	0	0	0	0
chrUn_JTFH01000462v1_decoy	1	1674	0	0	0	0	0	0
chrUn_JTFH01000463v1_decoy	1	1671	0	0	0	0	0	0
chrUn_JTFH01000464v1_decoy	1	1669	0	0	0	0	0	0
chrUn_JTFH01000465v1_decoy	1	1665	0	0	0	0	0	0
chrUn_JTFH01000467v1_decoy	1	1657	0	0	0	0	0	0
chrUn_JTFH01000468v1_decoy	1	1653	0	0	0	0	0	0
chrUn_JTFH01000469v1_decoy	1	1652	0	0	0	0	0	0
chrUn_JTFH01000471v1_decoy	1	1649	0	0	0	0	0	0
chrUn_JTFH01000472v1_decoy	1	1649	0	0	0	0	0	0
chrUn_JTFH01000473v1_decoy	1	1640	0	0	0	0	0	0
chrUn_JTFH01000474v1_decoy	1	1638	0	0	0	0	0	0
chrUn_JTFH01000475v1_decoy	1	1636	0	0	0	0	0	0
chrUn_JTFH01000477v1_decoy	1	1631	0	0	0	0	0	0
chrUn_JTFH01000478v1_decoy	1	1630	0	0	0	0	0	0
chrUn_JTFH01000479v1_decoy	1	1627	0	0	0	0	0	0
chrUn_JTFH01000481v1_decoy	1	1617	0	0	0	0	0	0
chrUn_JTFH01000482v1_decoy	1	1616	0	0	0	0	0	0
chrUn_JTFH01000483v1_decoy	1	1615	0	0	0	0	0	0
chrUn_JTFH01000484v1_decoy	1	1611	0	0	0	0	0	0
chrUn_JTFH01000485v1_decoy	1	1611	0	0	0	0	0	0
chrUn_JTFH01000487v1_decoy	1	1605	0	0	0	0	0	0
chrUn_JTFH01000488v1_decoy	1	1605	0	0	0	0	0	0
chrUn_JTFH01000490v1_decoy	1	1598	0	0	0	0	0	0
chrUn_JTFH01000491v1_decoy	1	1598	0	0	0	0	0	0
chrUn_JTFH01000493v1_decoy	1	1596	0	0	0	0	0	0
chrUn_JTFH01000494v1_decoy	1	1595	0	0	0	0	0	0
chrUn_JTFH01000495v1_decoy	1	1592	0	0	0	0	0	0
chrUn_JTFH01000496v1_decoy	1	1589	0	0	0	0	0	0
chrUn_JTFH01000497v1_decoy	1	1585	0	0	0	0	0	0
chrUn_JTFH01000498v1_decoy	1	1579	0	0	0	0	0	0
chrUn_JTFH01000500v1_decoy	1	1577	0	0	0	0	0	0
chrUn_JTFH01000501v1_decoy	1	1577	0	0	0	0	0	0
chrUn_JTFH01000502v1_decoy	1	1577	0	0	0	0	0	0
chrUn_JTFH01000503v1_decoy	1	1576	0	0	0	0	0	0
chrUn_JTFH01000504v1_decoy	1	1575	0	0	0	0	0	0
chrUn_JTFH01000507v1_decoy	1	1571	0	0	0	0	0	0
chrUn_JTFH01000508v1_decoy	1	1563	0	0	0	0	0	0
chrUn_JTFH01000509v1_decoy	1	1561	0	0	0	0	0	0
chrUn_JTFH01000514v1_decoy	1	1552	0	0	0	0	0	0
chrUn_JTFH01000515v1_decoy	1	1548	0	0	0	0	0	0
chrUn_JTFH01000516v1_decoy	1	1546	0	0	0	0	0	0
chrUn_JTFH01000517v1_decoy	1	1541	0	0	0	0	0	0
chrUn_JTFH01000518v1_decoy	1	1536	0	0	0	0	0	0
chrUn_JTFH01000519v1_decoy	1	1533	0	0	0	0	0	0
chrUn_JTFH01000520v1_decoy	1	1532	0	0	0	0	0	0
chrUn_JTFH01000521v1_decoy	1	1532	0	0	0	0	0	0
chrUn_JTFH01000522v1_decoy	1	1530	0	0	0	0	0	0
chrUn_JTFH01000524v1_decoy	1	1526	0	0	0	0	0	0
chrUn_JTFH01000525v1_decoy	1	1524	0	0	0	0	0	0
chrUn_JTFH01000527v1_decoy	1	1523	0	0	0	0	0	0
chrUn_JTFH01000528v1_decoy	1	1522	0	0	0	0	0	0
chrUn_JTFH01000529v1_decoy	1	1522	0	0	0	0	0	0
chrUn_JTFH01000530v1_decoy	1	1519	0	0	0	0	0	0
chrUn_JTFH01000531v1_decoy	1	1513	0	0	0	0	0	0
chrUn_JTFH01000532v1_decoy	1	1508	0	0	0	0	0	0
chrUn_JTFH01000533v1_decoy	1	1508	0	0	0	0	0	0
chrUn_JTFH01000534v1_decoy	1	1505	0	0	0	0	0	0
chrUn_JTFH01000535v1_decoy	1	1503	0	0	0	0	0	0
chrUn_JTFH01000537v1_decoy	1	1491	0	0	0	0	0	0
chrUn_JTFH01000538v1_decoy	1	1490	0	0	0	0	0	0
chrUn_JTFH01000544v1_decoy	1	1483	0	0	0	0	0	0
chrUn_JTFH01000545v1_decoy	1	1479	0	0	0	0	0	0
chrUn_JTFH01000546v1_decoy	1	1479	0	0	0	0	0	0
chrUn_JTFH01000547v1_decoy	1	1476	0	0	0	0	0	0
chrUn_JTFH01000549v1_decoy	1	1472	0	0	0	0	0	0
chrUn_JTFH01000551v1_decoy	1	1468	0	0	0	0	0	0
chrUn_JTFH01000552v1_decoy	1	1467	0	0	0	0	0	0
chrUn_JTFH01000555v1_decoy	1	1463	0	0	0	0	0	0
chrUn_JTFH01000556v1_decoy	1	1463	0	0	0	0	0	0
chrUn_JTFH01000558v1_decoy	1	1459	0	0	0	0	0	0
chrUn_JTFH01000560v1_decoy	1	1458	0	0	0	0	0	0
chrUn_JTFH01000562v1_decoy	1	1449	0	0	0	0	0	0
chrUn_JTFH01000563v1_decoy	1	1449	0	0	0	0	0	0
chrUn_JTFH01000565v1_decoy	1	1446	0	0	0	0	0	0
chrUn_JTFH01000566v1_decoy	1	1442	0	0	0	0	0	0
chrUn_JTFH01000567v1_decoy	1	1441	0	0	0	0	0	0
chrUn_JTFH01000568v1_decoy	1	1440	0	0	0	0	0	0
chrUn_JTFH01000570v1_decoy	1	1437	0	0	0	0	0	0
chrUn_JTFH01000571v1_decoy	1	1436	0	0	0	0	0	0
chrUn_JTFH01000573v1_decoy	1	1429	0	0	0	0	0	0
chrUn_JTFH01000574v1_decoy	1	1427	0	0	0	0	0	0
chrUn_JTFH01000575v1_decoy	1	1426	0	0	0	0	0	0
chrUn_JTFH01000576v1_decoy	1	1425	0	0	0	0	0	0
chrUn_JTFH01000577v1_decoy	1	1424	0	0	0	0	0	0
chrUn_JTFH01000578v1_decoy	1	1424	0	0	0	0	0	0
chrUn_JTFH01000579v1_decoy	1	1423	0	0	0	0	0	0
chrUn_JTFH01000580v1_decoy	1	1423	0	0	0	0	0	0
chrUn_JTFH01000581v1_decoy	1	1423	0	0	0	0	0	0
chrUn_JTFH01000582v1_decoy	1	1414	0	0	0	0	0	0
chrUn_JTFH01000583v1_decoy	1	1414	0	0	0	0	0	0
chrUn_JTFH01000584v1_decoy	1	1413	0	0	0	0	0	0
chrUn_JTFH01000586v1_decoy	1	1410	0	0	0	0	0	0
chrUn_JTFH01000587v1_decoy	1	1409	0	0	0	0	0	0
chrUn_JTFH01000588v1_decoy	1	1409	0	0	0	0	0	0
chrUn_JTFH01000590v1_decoy	1	1405	0	0	0	0	0	0
chrUn_JTFH01000591v1_decoy	1	1405	0	0	0	0	0	0
chrUn_JTFH01000592v1_decoy	1	1404	0	0	0	0	0	0
chrUn_JTFH01000593v1_decoy	1	1404	0	0	0	0	0	0
chrUn_JTFH01000597v1_decoy	1	1402	0	0	0	0	0	0
chrUn_JTFH01000599v1_decoy	1	1398	0	0	0	0	0	0
chrUn_JTFH01000601v1_decoy	1	1395	0	0	0	0	0	0
chrUn_JTFH01000603v1_decoy	1	1393	0	0	0	0	0	0
chrUn_JTFH01000604v1_decoy	1	1391	0	0	0	0	0	0
chrUn_JTFH01000605v1_decoy	1	1389	0	0	0	0	0	0
chrUn_JTFH01000607v1_decoy	1	1388	0	0	0	0	0	0
chrUn_JTFH01000608v1_decoy	1	1387	0	0	0	0	0	0
chrUn_JTFH01000611v1_decoy	1	1381	0	0	0	0	0	0
chrUn_JTFH01000613v1_decoy	1	1377	0	0	0	0	0	0
chrUn_JTFH01000614v1_decoy	1	1376	0	0	0	0	0	0
chrUn_JTFH01000615v1_decoy	1	1376	0	0	0	0	0	0
chrUn_JTFH01000616v1_decoy	1	1375	0	0	0	0	0	0
chrUn_JTFH01000620v1_decoy	1	1370	0	0	0	0	0	0
chrUn_JTFH01000621v1_decoy	1	1370	0	0	0	0	0	0
chrUn_JTFH01000622v1_decoy	1	1366	0	0	0	0	0	0
chrUn_JTFH01000623v1_decoy	1	1363	0	0	0	0	0	0
chrUn_JTFH01000624v1_decoy	1	1360	0	0	0	0	0	0
chrUn_JTFH01000625v1_decoy	1	1356	0	0	0	0	0	0
chrUn_JTFH01000627v1_decoy	1	1355	0	0	0	0	0	0
chrUn_JTFH01000630v1_decoy	1	1344	0	0	0	0	0	0
chrUn_JTFH01000631v1_decoy	1	1344	0	0	0	0	0	0
chrUn_JTFH01000632v1_decoy	1	1342	0	0	0	0	0	0
chrUn_JTFH01000633v1_decoy	1	1342	0	0	0	0	0	0
chrUn_JTFH01000634v1_decoy	1	1336	0	0	0	0	0	0
chrUn_JTFH01000635v1_decoy	1	1334	0	0	0	0	0	0
chrUn_JTFH01000636v1_decoy	1	1334	0	0	0	0	0	0
chrUn_JTFH01000639v1_decoy	1	1328	0	0	0	0	0	0
chrUn_JTFH01000640v1_decoy	1	1328	0	0	0	0	0	0
chrUn_JTFH01000642v1_decoy	1	1327	0	0	0	0	0	0
chrUn_JTFH01000643v1_decoy	1	1325	0	0	0	0	0	0
chrUn_JTFH01000644v1_decoy	1	1322	0	0	0	0	0	0
chrUn_JTFH01000647v1_decoy	1	1318	0	0	0	0	0	0
chrUn_JTFH01000648v1_decoy	1	1315	0	0	0	0	0	0
chrUn_JTFH01000649v1_decoy	1	1314	0	0	0	0	0	0
chrUn_JTFH01000650v1_decoy	1	1313	0	0	0	0	0	0
chrUn_JTFH01000652v1_decoy	1	1312	0	0	0	0	0	0
chrUn_JTFH01000654v1_decoy	1	1309	0	0	0	0	0	0
chrUn_JTFH01000655v1_decoy	1	1309	0	0	0	0	0	0
chrUn_JTFH01000656v1_decoy	1	1307	0	0	0	0	0	0
chrUn_JTFH01000657v1_decoy	1	1307	0	0	0	0	0	0
chrUn_JTFH01000658v1_decoy	1	1305	0	0	0	0	0	0
chrUn_JTFH01000659v1_decoy	1	1304	0	0	0	0	0	0
chrUn_JTFH01000661v1_decoy	1	1302	0	0	0	0	0	0
chrUn_JTFH01000662v1_decoy	1	1302	0	0	0	0	0	0
chrUn_JTFH01000663v1_decoy	1	1301	0	0	0	0	0	0
chrUn_JTFH01000664v1_decoy	1	1301	0	0	0	0	0	0
chrUn_JTFH01000669v1_decoy	1	1294	0	0	0	0	0	0
chrUn_JTFH01000670v1_decoy	1	1293	0	0	0	0	0	0
chrUn_JTFH01000671v1_decoy	1	1291	0	0	0	0	0	0
chrUn_JTFH01000673v1_decoy	1	1289	0	0	0	0	0	0
chrUn_JTFH01000674v1_decoy	1	1288	0	0	0	0	0	0
chrUn_JTFH01000675v1_decoy	1	1288	0	0	0	0	0	0
chrUn_JTFH01000676v1_decoy	1	1287	0	0	0	0	0	0
chrUn_JTFH01000678v1_decoy	1	1287	0	0	0	0	0	0
chrUn_JTFH01000679v1_decoy	1	1286	0	0	0	0	0	0
chrUn_JTFH01000680v1_decoy	1	1283	0	0	0	0	0	0
chrUn_JTFH01000681v1_decoy	1	1281	0	0	0	0	0	0
chrUn_JTFH01000682v1_decoy	1	1277	0	0	0	0	0	0
chrUn_JTFH01000683v1_decoy	1	1274	0	0	0	0	0	0
chrUn_JTFH01000684v1_decoy	1	1270	0	0	0	0	0	0
chrUn_JTFH01000685v1_decoy	1	1267	0	0	0	0	0	0
chrUn_JTFH01000686v1_decoy	1	1266	0	0	0	0	0	0
chrUn_JTFH01000687v1_decoy	1	1260	0	0	0	0	0	0
chrUn_JTFH01000688v1_decoy	1	1259	0	0	0	0	0	0
chrUn_JTFH01000689v1_decoy	1	1258	0	0	0	0	0	0
chrUn_JTFH01000690v1_decoy	1	1258	0	0	0	0	0	0
chrUn_JTFH01000691v1_decoy	1	1258	0	0	0	0	0	0
chrUn_JTFH01000692v1_decoy	1	1256	0	0	0	0	0	0
chrUn_JTFH01000693v1_decoy	1	1255	0	0	0	0	0	0
chrUn_JTFH01000695v1_decoy	1	1254	0	0	0	0	0	0
chrUn_JTFH01000696v1_decoy	1	1253	0	0	0	0	0	0
chrUn_JTFH01000697v1_decoy	1	1250	0	0	0	0	0	0
chrUn_JTFH01000698v1_decoy	1	1249	0	0	0	0	0	0
chrUn_JTFH01000699v1_decoy	1	1248	0	0	0	0	0	0
chrUn_JTFH01000700v1_decoy	1	1248	0	0	0	0	0	0
chrUn_JTFH01000701v1_decoy	1	1247	0	0	0	0	0	0
chrUn_JTFH01000702v1_decoy	1	1242	0	0	0	0	0	0
chrUn_JTFH01000703v1_decoy	1	1242	0	0	0	0	0	0
chrUn_JTFH01000705v1_decoy	1	1241	0	0	0	0	0	0
chrUn_JTFH01000706v1_decoy	1	1241	0	0	0	0	0	0
chrUn_JTFH01000708v1_decoy	1	1238	0	0	0	0	0	0
chrUn_JTFH01000709v1_decoy	1	1237	0	0	0	0	0	0
chrUn_JTFH01000710v1_decoy	1	1236	0	0	0	0	0	0
chrUn_JTFH01000711v1_decoy	1	1235	0	0	0	0	0	0
chrUn_JTFH01000713v1_decoy	1	1234	0	0	0	0	0	0
chrUn_JTFH01000714v1_decoy	1	1234	0	0	0	0	0	0
chrUn_JTFH01000715v1_decoy	1	1233	0	0	0	0	0	0
chrUn_JTFH01000716v1_decoy	1	1232	0	0	0	0	0	0
chrUn_JTFH01000718v1_decoy	1	1231	0	0	0	0	0	0
chrUn_JTFH01000719v1_decoy	1	1230	0	0	0	0	0	0
chrUn_JTFH01000721v1_decoy	1	1227	0	0	0	0	0	0
chrUn_JTFH01000724v1_decoy	1	1224	0	0	0	0	0	0
chrUn_JTFH01000725v1_decoy	1	1224	0	0	0	0	0	0
chrUn_JTFH01000726v1_decoy	1	1220	0	0	0	0	0	0
chrUn_JTFH01000727v1_decoy	1	1220	0	0	0	0	0	0
chrUn_JTFH01000728v1_decoy	1	1219	0	0	0	0	0	0
chrUn_JTFH01000729v1_decoy	1	1217	0	0	0	0	0	0
chrUn_JTFH01000731v1_decoy	1	1215	0	0	0	0	0	0
chrUn_JTFH01000733v1_decoy	1	1214	0	0	0	0	0	0
chrUn_JTFH01000735v1_decoy	1	1213	0	0	0	0	0	0
chrUn_JTFH01000736v1_decoy	1	1212	0	0	0	0	0	0
chrUn_JTFH01000737v1_decoy	1	1209	0	0	0	0	0	0
chrUn_JTFH01000739v1_decoy	1	1207	0	0	0	0	0	0
chrUn_JTFH01000740v1_decoy	1	1207	0	0	0	0	0	0
chrUn_JTFH01000741v1_decoy	1	1207	0	0	0	0	0	0
chrUn_JTFH01000742v1_decoy	1	1206	0	0	0	0	0	0
chrUn_JTFH01000743v1_decoy	1	1206	0	0	0	0	0	0
chrUn_JTFH01000744v1_decoy	1	1205	0	0	0	0	0	0
chrUn_JTFH01000745v1_decoy	1	1205	0	0	0	0	0	0
chrUn_JTFH01000747v1_decoy	1	1204	0	0	0	0	0	0
chrUn_JTFH01000748v1_decoy	1	1204	0	0	0	0	0	0
chrUn_JTFH01000751v1_decoy	1	1201	0	0	0	0	0	0
chrUn_JTFH01000752v1_decoy	1	1200	0	0	0	0	0	0
chrUn_JTFH01000753v1_decoy	1	1200	0	0	0	0	0	0
chrUn_JTFH01000754v1_decoy	1	1199	0	0	0	0	0	0
chrUn_JTFH01000755v1_decoy	1	1198	0	0	0	0	0	0
chrUn_JTFH01000756v1_decoy	1	1197	0	0	0	0	0	0
chrUn_JTFH01000757v1_decoy	1	1196	0	0	0	0	0	0
chrUn_JTFH01000758v1_decoy	1	1195	0	0	0	0	0	0
chrUn_JTFH01000761v1_decoy	1	1191	0	0	0	0	0	0
chrUn_JTFH01000763v1_decoy	1	1186	0	0	0	0	0	0
chrUn_JTFH01000764v1_decoy	1	1186	0	0	0	0	0	0
chrUn_JTFH01000765v1_decoy	1	1184	0	0	0	0	0	0
chrUn_JTFH01000767v1_decoy	1	1183	0	0	0	0	0	0
chrUn_JTFH01000768v1_decoy	1	1182	0	0	0	0	0	0
chrUn_JTFH01000769v1_decoy	1	1181	0	0	0	0	0	0
chrUn_JTFH01000770v1_decoy	1	1181	0	0	0	0	0	0
chrUn_JTFH01000771v1_decoy	1	1181	0	0	0	0	0	0
chrUn_JTFH01000772v1_decoy	1	1181	0	0	0	0	0	0
chrUn_JTFH01000773v1_decoy	1	1179	0	0	0	0	0	0
chrUn_JTFH01000774v1_decoy	1	1178	0	0	0	0	0	0
chrUn_JTFH01000775v1_decoy	1	1178	0	0	0	0	0	0
chrUn_JTFH01000776v1_decoy	1	1177	0	0	0	0	0	0
chrUn_JTFH01000777v1_decoy	1	1177	0	0	0	0	0	0
chrUn_JTFH01000778v1_decoy	1	1171	0	0	0	0	0	0
chrUn_JTFH01000779v1_decoy	1	1171	0	0	0	0	0	0
chrUn_JTFH01000781v1_decoy	1	1170	0	0	0	0	0	0
chrUn_JTFH01000783v1_decoy	1	1167	0	0	0	0	0	0
chrUn_JTFH01000784v1_decoy	1	1167	0	0	0	0	0	0
chrUn_JTFH01000785v1_decoy	1	1167	0	0	0	0	0	0
chrUn_JTFH01000786v1_decoy	1	1165	0	0	0	0	0	0
chrUn_JTFH01000787v1_decoy	1	1165	0	0	0	0	0	0
chrUn_JTFH01000788v1_decoy	1	1162	0	0	0	0	0	0
chrUn_JTFH01000789v1_decoy	1	1157	0	0	0	0	0	0
chrUn_JTFH01000790v1_decoy	1	1156	0	0	0	0	0	0
chrUn_JTFH01000791v1_decoy	1	1156	0	0	0	0	0	0
chrUn_JTFH01000792v1_decoy	1	1154	0	0	0	0	0	0
chrUn_JTFH01000793v1_decoy	1	1154	0	0	0	0	0	0
chrUn_JTFH01000794v1_decoy	1	1151	0	0	0	0	0	0
chrUn_JTFH01000795v1_decoy	1	1151	0	0	0	0	0	0
chrUn_JTFH01000803v1_decoy	1	1143	0	0	0	0	0	0
chrUn_JTFH01000804v1_decoy	1	1142	0	0	0	0	0	0
chrUn_JTFH01000805v1_decoy	1	1141	0	0	0	0	0	0
chrUn_JTFH01000807v1_decoy	1	1140	0	0	0	0	0	0
chrUn_JTFH01000809v1_decoy	1	1134	0	0	0	0	0	0
chrUn_JTFH01000812v1_decoy	1	1131	0	0	0	0	0	0
chrUn_JTFH01000813v1_decoy	1	1131	0	0	0	0	0	0
chrUn_JTFH01000814v1_decoy	1	1130	0	0	0	0	0	0
chrUn_JTFH01000815v1_decoy	1	1127	0	0	0	0	0	0
chrUn_JTFH01000817v1_decoy	1	1124	0	0	0	0	0	0
chrUn_JTFH01000818v1_decoy	1	1122	0	0	0	0	0	0
chrUn_JTFH01000819v1_decoy	1	1122	0	0	0	0	0	0
chrUn_JTFH01000821v1_decoy	1	1119	0	0	0	0	0	0
chrUn_JTFH01000822v1_decoy	1	1119	0	0	0	0	0	0
chrUn_JTFH01000823v1_decoy	1	1119	0	0	0	0	0	0
chrUn_JTFH01000824v1_decoy	1	1119	0	0	0	0	0	0
chrUn_JTFH01000825v1_decoy	1	1118	0	0	0	0	0	0
chrUn_JTFH01000826v1_decoy	1	1116	0	0	0	0	0	0
chrUn_JTFH01000827v1_decoy	1	1116	0	0	0	0	0	0
chrUn_JTFH01000828v1_decoy	1	1115	0	0	0	0	0	0
chrUn_JTFH01000829v1_decoy	1	1115	0	0	0	0	0	0
chrUn_JTFH01000830v1_decoy	1	1115	0	0	0	0	0	0
chrUn_JTFH01000831v1_decoy	1	1114	0	0	0	0	0	0
chrUn_JTFH01000832v1_decoy	1	1113	0	0	0	0	0	0
chrUn_JTFH01000833v1_decoy	1	1113	0	0	0	0	0	0
chrUn_JTFH01000834v1_decoy	1	1110	0	0	0	0	0	0
chrUn_JTFH01000835v1_decoy	1	1110	0	0	0	0	0	0
chrUn_JTFH01000836v1_decoy	1	1109	0	0	0	0	0	0
chrUn_JTFH01000837v1_decoy	1	1108	0	0	0	0	0	0
chrUn_JTFH01000838v1_decoy	1	1107	0	0	0	0	0	0
chrUn_JTFH01000839v1_decoy	1	1107	0	0	0	0	0	0
chrUn_JTFH01000841v1_decoy	1	1107	0	0	0	0	0	0
chrUn_JTFH01000842v1_decoy	1	1106	0	0	0	0	0	0
chrUn_JTFH01000846v1_decoy	1	1100	0	0	0	0	0	0
chrUn_JTFH01000847v1_decoy	1	1099	0	0	0	0	0	0
chrUn_JTFH01000848v1_decoy	1	1098	0	0	0	0	0	0
chrUn_JTFH01000849v1_decoy	1	1097	0	0	0	0	0	0
chrUn_JTFH01000853v1_decoy	1	1093	0	0	0	0	0	0
chrUn_JTFH01000855v1_decoy	1	1088	0	0	0	0	0	0
chrUn_JTFH01000856v1_decoy	1	1087	0	0	0	0	0	0
chrUn_JTFH01000857v1_decoy	1	1086	0	0	0	0	0	0
chrUn_JTFH01000858v1_decoy	1	1085	0	0	0	0	0	0
chrUn_JTFH01000859v1_decoy	1	1084	0	0	0	0	0	0
chrUn_JTFH01000861v1_decoy	1	1084	0	0	0	0	0	0
chrUn_JTFH01000862v1_decoy	1	1084	0	0	0	0	0	0
chrUn_JTFH01000863v1_decoy	1	1083	0	0	0	0	0	0
chrUn_JTFH01000864v1_decoy	1	1083	0	0	0	0	0	0
chrUn_JTFH01000865v1_decoy	1	1082	0	0	0	0	0	0
chrUn_JTFH01000866v1_decoy	1	1082	0	0	0	0	0	0
chrUn_JTFH01000868v1_decoy	1	1081	0	0	0	0	0	0
chrUn_JTFH01000871v1_decoy	1	1074	0	0	0	0	0	0
chrUn_JTFH01000875v1_decoy	1	1069	0	0	0	0	0	0
chrUn_JTFH01000877v1_decoy	1	1067	0	0	0	0	0	0
chrUn_JTFH01000878v1_decoy	1	1067	0	0	0	0	0	0
chrUn_JTFH01000879v1_decoy	1	1066	0	0	0	0	0	0
chrUn_JTFH01000881v1_decoy	1	1065	0	0	0	0	0	0
chrUn_JTFH01000882v1_decoy	1	1065	0	0	0	0	0	0
chrUn_JTFH01000883v1_decoy	1	1065	0	0	0	0	0	0
chrUn_JTFH01000884v1_decoy	1	1065	0	0	0	0	0	0
chrUn_JTFH01000886v1_decoy	1	1064	0	0	0	0	0	0
chrUn_JTFH01000887v1_decoy	1	1064	0	0	0	0	0	0
chrUn_JTFH01000888v1_decoy	1	1063	0	0	0	0	0	0
chrUn_JTFH01000889v1_decoy	1	1062	0	0	0	0	0	0
chrUn_JTFH01000890v1_decoy	1	1062	0	0	0	0	0	0
chrUn_JTFH01000891v1_decoy	1	1062	0	0	0	0	0	0
chrUn_JTFH01000892v1_decoy	1	1061	0	0	0	0	0	0
chrUn_JTFH01000893v1_decoy	1	1060	0	0	0	0	0	0
chrUn_JTFH01000894v1_decoy	1	1057	0	0	0	0	0	0
chrUn_JTFH01000895v1_decoy	1	1057	0	0	0	0	0	0
chrUn_JTFH01000896v1_decoy	1	1056	0	0	0	0	0	0
chrUn_JTFH01000898v1_decoy	1	1055	0	0	0	0	0	0
chrUn_JTFH01000899v1_decoy	1	1055	0	0	0	0	0	0
chrUn_JTFH01000900v1_decoy	1	1055	0	0	0	0	0	0
chrUn_JTFH01000901v1_decoy	1	1054	0	0	0	0	0	0
chrUn_JTFH01000903v1_decoy	1	1050	0	0	0	0	0	0
chrUn_JTFH01000904v1_decoy	1	1050	0	0	0	0	0	0
chrUn_JTFH01000905v1_decoy	1	1049	0	0	0	0	0	0
chrUn_JTFH01000906v1_decoy	1	1048	0	0	0	0	0	0
chrUn_JTFH01000907v1_decoy	1	1047	0	0	0	0	0	0
chrUn_JTFH01000908v1_decoy	1	1046	0	0	0	0	0	0
chrUn_JTFH01000909v1_decoy	1	1046	0	0	0	0	0	0
chrUn_JTFH01000910v1_decoy	1	1046	0	0	0	0	0	0
chrUn_JTFH01000911v1_decoy	1	1045	0	0	0	0	0	0
chrUn_JTFH01000912v1_decoy	1	1045	0	0	0	0	0	0
chrUn_JTFH01000914v1_decoy	1	1044	0	0	0	0	0	0
chrUn_JTFH01000915v1_decoy	1	1042	0	0	0	0	0	0
chrUn_JTFH01000916v1_decoy	1	1041	0	0	0	0	0	0
chrUn_JTFH01000917v1_decoy	1	1039	0	0	0	0	0	0
chrUn_JTFH01000918v1_decoy	1	1039	0	0	0	0	0	0
chrUn_JTFH01000919v1_decoy	1	1038	0	0	0	0	0	0
chrUn_JTFH01000920v1_decoy	1	1036	0	0	0	0	0	0
chrUn_JTFH01000921v1_decoy	1	1036	0	0	0	0	0	0
chrUn_JTFH01000924v1_decoy	1	1033	0	0	0	0	0	0
chrUn_JTFH01000925v1_decoy	1	1032	0	0	0	0	0	0
chrUn_JTFH01000926v1_decoy	1	1031	0	0	0	0	0	0
chrUn_JTFH01000928v1_decoy	1	1031	0	0	0	0	0	0
chrUn_JTFH01000929v1_decoy	1	1027	0	0	0	0	0	0
chrUn_JTFH01000930v1_decoy	1	1027	0	0	0	0	0	0
chrUn_JTFH01000931v1_decoy	1	1026	0	0	0	0	0	0
chrUn_JTFH01000932v1_decoy	1	1026	0	0	0	0	0	0
chrUn_JTFH01000933v1_decoy	1	1024	0	0	0	0	0	0
chrUn_JTFH01000936v1_decoy	1	1022	0	0	0	0	0	0
chrUn_JTFH01000939v1_decoy	1	1019	0	0	0	0	0	0
chrUn_JTFH01000940v1_decoy	1	1018	0	0	0	0	0	0
chrUn_JTFH01000941v1_decoy	1	1018	0	0	0	0	0	0
chrUn_JTFH01000943v1_decoy	1	1016	0	0	0	0	0	0
chrUn_JTFH01000944v1_decoy	1	1010	0	0	0	0	0	0
chrUn_JTFH01000945v1_decoy	1	1010	0	0	0	0	0	0
chrUn_JTFH01000947v1_decoy	1	1008	0	0	0	0	0	0
chrUn_JTFH01000948v1_decoy	1	1007	0	0	0	0	0	0
chrUn_JTFH01000949v1_decoy	1	1006	0	0	0	0	0	0
chrUn_JTFH01000951v1_decoy	1	1005	0	0	0	0	0	0
chrUn_JTFH01000952v1_decoy	1	1004	0	0	0	0	0	0
chrUn_JTFH01000953v1_decoy	1	1004	0	0	0	0	0	0
chrUn_JTFH01000954v1_decoy	1	1003	0	0	0	0	0	0
chrUn_JTFH01000955v1_decoy	1	1003	0	0	0	0	0	0
chrUn_JTFH01000956v1_decoy	1	1003	0	0	0	0	0	0
chrUn_JTFH01000958v1_decoy	1	1002	0	0	0	0	0	0
chrUn_JTFH01000959v1_decoy	1	1002	0	0	0	0	0	0
chrUn_JTFH01000960v1_decoy	1	1000	0	0	0	0	0	0
chrUn_JTFH01000961v1_decoy	1	1000	0	0	0	0	0	0
chrUn_JTFH01000964v1_decoy	1	6846	0	0	0	0	0	0
chrUn_JTFH01000966v1_decoy	1	4041	0	0	0	0	0	0
chrUn_JTFH01000970v1_decoy	1	3702	0	0	0	0	0	0
chrUn_JTFH01000975v1_decoy	1	3320	0	0	0	0	0	0
chrUn_JTFH01000983v1_decoy	1	3005	0	0	0	0	0	0
chrUn_JTFH01000988v1_decoy	1	2827	0	0	0	0	0	0
chrUn_JTFH01000991v1_decoy	1	2745	0	0	0	0	0	0
chrUn_JTFH01000993v1_decoy	1	2698	0	0	0	0	0	0
chrUn_JTFH01000996v1_decoy	1	2492	0	0	0	0	0	0
chrUn_JTFH01001000v1_decoy	1	2395	0	0	0	0	0	0
chrUn_JTFH01001005v1_decoy	1	2285	0	0	0	0	0	0
chrUn_JTFH01001006v1_decoy	1	2269	0	0	0	0	0	0
chrUn_JTFH01001008v1_decoy	1	2203	0	0	0	0	0	0
chrUn_JTFH01001009v1_decoy	1	2176	0	0	0	0	0	0
chrUn_JTFH01001010v1_decoy	1	2159	0	0	0	0	0	0
chrUn_JTFH01001019v1_decoy	1	2059	0	0	0	0	0	0
chrUn_JTFH01001023v1_decoy	1	2024	0	0	0	0	0	0
chrUn_JTFH01001024v1_decoy	1	2001	0	0	0	0	0	0
chrUn_JTFH01001026v1_decoy	1	1981	0	0	0	0	0	0
chrUn_JTFH01001027v1_decoy	1	1979	0	0	0	0	0	0
chrUn_JTFH01001030v1_decoy	1	1944	0	0	0	0	0	0
chrUn_JTFH01001032v1_decoy	1	1932	0	0	0	0	0	0
chrUn_JTFH01001033v1_decoy	1	1882	0	0	0	0	0	0
chrUn_JTFH01001035v1_decoy	1	1870	0	0	0	0	0	0
chrUn_JTFH01001036v1_decoy	1	1821	0	0	0	0	0	0
chrUn_JTFH01001038v1_decoy	1	1809	0	0	0	0	0	0
chrUn_JTFH01001041v1_decoy	1	1791	0	0	0	0	0	0
chrUn_JTFH01001043v1_decoy	1	1766	0	0	0	0	0	0
chrUn_JTFH01001044v1_decoy	1	1764	0	0	0	0	0	0
chrUn_JTFH01001045v1_decoy	1	1743	0	0	0	0	0	0
chrUn_JTFH01001047v1_decoy	1	1709	0	0	0	0	0	0
chrUn_JTFH01001048v1_decoy	1	1706	0	0	0	0	0	0
chrUn_JTFH01001049v1_decoy	1	1701	0	0	0	0	0	0
chrUn_JTFH01001051v1_decoy	1	1646	0	0	0	0	0	0
chrUn_JTFH01001052v1_decoy	1	1641	0	0	0	0	0	0
chrUn_JTFH01001053v1_decoy	1	1639	0	0	0	0	0	0
chrUn_JTFH01001054v1_decoy	1	1636	0	0	0	0	0	0
chrUn_JTFH01001056v1_decoy	1	1629	0	0	0	0	0	0
chrUn_JTFH01001057v1_decoy	1	1623	0	0	0	0	0	0
chrUn_JTFH01001060v1_decoy	1	1619	0	0	0	0	0	0
chrUn_JTFH01001062v1_decoy	1	1593	0	0	0	0	0	0
chrUn_JTFH01001066v1_decoy	1	1542	0	0	0	0	0	0
chrUn_JTFH01001068v1_decoy	1	1529	0	0	0	0	0	0
chrUn_JTFH01001069v1_decoy	1	1518	0	0	0	0	0	0
chrUn_JTFH01001071v1_decoy	1	1513	0	0	0	0	0	0
chrUn_JTFH01001072v1_decoy	1	1507	0	0	0	0	0	0
chrUn_JTFH01001073v1_decoy	1	1504	0	0	0	0	0	0
chrUn_JTFH01001075v1_decoy	1	1495	0	0	0	0	0	0
chrUn_JTFH01001076v1_decoy	1	1495	0	0	0	0	0	0
chrUn_JTFH01001078v1_decoy	1	1492	0	0	0	0	0	0
chrUn_JTFH01001079v1_decoy	1	1489	0	0	0	0	0	0
chrUn_JTFH01001081v1_decoy	1	1483	0	0	0	0	0	0
chrUn_JTFH01001082v1_decoy	1	1473	0	0	0	0	0	0
chrUn_JTFH01001083v1_decoy	1	1470	0	0	0	0	0	0
chrUn_JTFH01001085v1_decoy	1	1460	0	0	0	0	0	0
chrUn_JTFH01001086v1_decoy	1	1458	0	0	0	0	0	0
chrUn_JTFH01001088v1_decoy	1	1453	0	0	0	0	0	0
chrUn_JTFH01001089v1_decoy	1	1443	0	0	0	0	0	0
chrUn_JTFH01001091v1_decoy	1	1426	0	0	0	0	0	0
chrUn_JTFH01001094v1_decoy	1	1413	0	0	0	0	0	0
chrUn_JTFH01001095v1_decoy	1	1413	0	0	0	0	0	0
chrUn_JTFH01001096v1_decoy	1	1412	0	0	0	0	0	0
chrUn_JTFH01001097v1_decoy	1	1407	0	0	0	0	0	0
chrUn_JTFH01001098v1_decoy	1	1406	0	0	0	0	0	0
chrUn_JTFH01001099v1_decoy	1	1396	0	0	0	0	0	0
chrUn_JTFH01001100v1_decoy	1	1390	0	0	0	0	0	0
chrUn_JTFH01001102v1_decoy	1	1376	0	0	0	0	0	0
chrUn_JTFH01001103v1_decoy	1	1375	0	0	0	0	0	0
chrUn_JTFH01001105v1_decoy	1	1367	0	0	0	0	0	0
chrUn_JTFH01001108v1_decoy	1	1355	0	0	0	0	0	0
chrUn_JTFH01001110v1_decoy	1	1350	0	0	0	0	0	0
chrUn_JTFH01001114v1_decoy	1	1330	0	0	0	0	0	0
chrUn_JTFH01001115v1_decoy	1	1329	0	0	0	0	0	0
chrUn_JTFH01001116v1_decoy	1	1324	0	0	0	0	0	0
chrUn_JTFH01001118v1_decoy	1	1307	0	0	0	0	0	0
chrUn_JTFH01001119v1_decoy	1	1304	0	0	0	0	0	0
chrUn_JTFH01001120v1_decoy	1	1304	0	0	0	0	0	0
chrUn_JTFH01001122v1_decoy	1	1301	0	0	0	0	0	0
chrUn_JTFH01001123v1_decoy	1	1300	0	0	0	0	0	0
chrUn_JTFH01001124v1_decoy	1	1297	0	0	0	0	0	0
chrUn_JTFH01001125v1_decoy	1	1296	0	0	0	0	0	0
chrUn_JTFH01001126v1_decoy	1	1290	0	0	0	0	0	0
chrUn_JTFH01001127v1_decoy	1	1284	0	0	0	0	0	0
chrUn_JTFH01001128v1_decoy	1	1282	0	0	0	0	0	0
chrUn_JTFH01001129v1_decoy	1	1281	0	0	0	0	0	0
chrUn_JTFH01001130v1_decoy	1	1280	0	0	0	0	0	0
chrUn_JTFH01001131v1_decoy	1	1279	0	0	0	0	0	0
chrUn_JTFH01001132v1_decoy	1	1272	0	0	0	0	0	0
chrUn_JTFH01001133v1_decoy	1	1267	0	0	0	0	0	0
chrUn_JTFH01001134v1_decoy	1	1267	0	0	0	0	0	0
chrUn_JTFH01001135v1_decoy	1	1266	0	0	0	0	0	0
chrUn_JTFH01001136v1_decoy	1	1264	0	0	0	0	0	0
chrUn_JTFH01001137v1_decoy	1	1264	0	0	0	0	0	0
chrUn_JTFH01001138v1_decoy	1	1264	0	0	0	0	0	0
chrUn_JTFH01001141v1_decoy	1	1240	0	0	0	0	0	0
chrUn_JTFH01001142v1_decoy	1	1239	0	0	0	0	0	0
chrUn_JTFH01001146v1_decoy	1	1232	0	0	0	0	0	0
chrUn_JTFH01001147v1_decoy	1	1230	0	0	0	0	0	0
chrUn_JTFH01001148v1_decoy	1	1226	0	0	0	0	0	0
chrUn_JTFH01001150v1_decoy	1	1214	0	0	0	0	0	0
chrUn_JTFH01001153v1_decoy	1	1209	0	0	0	0	0	0
chrUn_JTFH01001154v1_decoy	1	1202	0	0	0	0	0	0
chrUn_JTFH01001156v1_decoy	1	1197	0	0	0	0	0	0
chrUn_JTFH01001157v1_decoy	1	1193	0	0	0	0	0	0
chrUn_JTFH01001158v1_decoy	1	1191	0	0	0	0	0	0
chrUn_JTFH01001159v1_decoy	1	1187	0	0	0	0	0	0
chrUn_JTFH01001160v1_decoy	1	1186	0	0	0	0	0	0
chrUn_JTFH01001163v1_decoy	1	1182	0	0	0	0	0	0
chrUn_JTFH01001164v1_decoy	1	1179	0	0	0	0	0	0
chrUn_JTFH01001165v1_decoy	1	1173	0	0	0	0	0	0
chrUn_JTFH01001169v1_decoy	1	1165	0	0	0	0	0	0
chrUn_JTFH01001170v1_decoy	1	1164	0	0	0	0	0	0
chrUn_JTFH01001171v1_decoy	1	1163	0	0	0	0	0	0
chrUn_JTFH01001172v1_decoy	1	1158	0	0	0	0	0	0
chrUn_JTFH01001173v1_decoy	1	1158	0	0	0	0	0	0
chrUn_JTFH01001174v1_decoy	1	1157	0	0	0	0	0	0
chrUn_JTFH01001177v1_decoy	1	1155	0	0	0	0	0	0
chrUn_JTFH01001178v1_decoy	1	1154	0	0	0	0	0	0
chrUn_JTFH01001179v1_decoy	1	1149	0	0	0	0	0	0
chrUn_JTFH01001182v1_decoy	1	1146	0	0	0	0	0	0
chrUn_JTFH01001183v1_decoy	1	1144	0	0	0	0	0	0
chrUn_JTFH01001184v1_decoy	1	1140	0	0	0	0	0	0
chrUn_JTFH01001185v1_decoy	1	1136	0	0	0	0	0	0
chrUn_JTFH01001186v1_decoy	1	1134	0	0	0	0	0	0
chrUn_JTFH01001187v1_decoy	1	1133	0	0	0	0	0	0
chrUn_JTFH01001188v1_decoy	1	1129	0	0	0	0	0	0
chrUn_JTFH01001190v1_decoy	1	1127	0	0	0	0	0	0
chrUn_JTFH01001192v1_decoy	1	1110	0	0	0	0	0	0
chrUn_JTFH01001194v1_decoy	1	1104	0	0	0	0	0	0
chrUn_JTFH01001195v1_decoy	1	1101	0	0	0	0	0	0
chrUn_JTFH01001196v1_decoy	1	1098	0	0	0	0	0	0
chrUn_JTFH01001197v1_decoy	1	1096	0	0	0	0	0	0
chrUn_JTFH01001198v1_decoy	1	1094	0	0	0	0	0	0
chrUn_JTFH01001199v1_decoy	1	1091	0	0	0	0	0	0
chrUn_JTFH01001200v1_decoy	1	1089	0	0	0	0	0	0
chrUn_JTFH01001201v1_decoy	1	1086	0	0	0	0	0	0
chrUn_JTFH01001202v1_decoy	1	1085	0	0	0	0	0	0
chrUn_JTFH01001206v1_decoy	1	1079	0	0	0	0	0	0
chrUn_JTFH01001207v1_decoy	1	1076	0	0	0	0	0	0
chrUn_JTFH01001208v1_decoy	1	1069	0	0	0	0	0	0
chrUn_JTFH01001209v1_decoy	1	1068	0	0	0	0	0	0
chrUn_JTFH01001210v1_decoy	1	1067	0	0	0	0	0	0
chrUn_JTFH01001211v1_decoy	1	1067	0	0	0	0	0	0
chrUn_JTFH01001212v1_decoy	1	1067	0	0	0	0	0	0
chrUn_JTFH01001213v1_decoy	1	1063	0	0	0	0	0	0
chrUn_JTFH01001215v1_decoy	1	1059	0	0	0	0	0	0
chrUn_JTFH01001216v1_decoy	1	1058	0	0	0	0	0	0
chrUn_JTFH01001217v1_decoy	1	1058	0	0	0	0	0	0
chrUn_JTFH01001218v1_decoy	1	1055	0	0	0	0	0	0
chrUn_JTFH01001219v1_decoy	1	1054	0	0	0	0	0	0
chrUn_JTFH01001220v1_decoy	1	1054	0	0	0	0	0	0
chrUn_JTFH01001221v1_decoy	1	1053	0	0	0	0	0	0
chrUn_JTFH01001222v1_decoy	1	1053	0	0	0	0	0	0
chrUn_JTFH01001224v1_decoy	1	1051	0	0	0	0	0	0
chrUn_JTFH01001226v1_decoy	1	1047	0	0	0	0	0	0
chrUn_JTFH01001227v1_decoy	1	1044	0	0	0	0	0	0
chrUn_JTFH01001228v1_decoy	1	1043	0	0	0	0	0	0
chrUn_JTFH01001229v1_decoy	1	1043	0	0	0	0	0	0
chrUn_JTFH01001230v1_decoy	1	1042	0	0	0	0	0	0
chrUn_JTFH01001231v1_decoy	1	1042	0	0	0	0	0	0
chrUn_JTFH01001232v1_decoy	1	1041	0	0	0	0	0	0
chrUn_JTFH01001234v1_decoy	1	1039	0	0	0	0	0	0
chrUn_JTFH01001236v1_decoy	1	1037	0	0	0	0	0	0
chrUn_JTFH01001239v1_decoy	1	1027	0	0	0	0	0	0
chrUn_JTFH01001240v1_decoy	1	1021	0	0	0	0	0	0
chrUn_JTFH01001241v1_decoy	1	1021	0	0	0	0	0	0
chrUn_JTFH01001242v1_decoy	1	1019	0	0	0	0	0	0
chrUn_JTFH01001243v1_decoy	1	1019	0	0	0	0	0	0
chrUn_JTFH01001244v1_decoy	1	1016	0	0	0	0	0	0
chrUn_JTFH01001245v1_decoy	1	1014	0	0	0	0	0	0
chrUn_JTFH01001246v1_decoy	1	1013	0	0	0	0	0	0
chrUn_JTFH01001247v1_decoy	1	1009	0	0	0	0	0	0
chrUn_JTFH01001248v1_decoy	1	1008	0	0	0	0	0	0
chrUn_JTFH01001249v1_decoy	1	1007	0	0	0	0	0	0
chrUn_JTFH01001250v1_decoy	1	1004	0	0	0	0	0	0
chrUn_JTFH01001251v1_decoy	1	1004	0	0	0	0	0	0
chrUn_JTFH01001254v1_decoy	1	1000	0	0	0	0	0	0
chrUn_JTFH01001256v1_decoy	1	1000	0	0	0	0	0	0
chrUn_JTFH01001258v1_decoy	1	9749	0	0	0	0	0	0
chrUn_JTFH01001260v1_decoy	1	7826	0	0	0	0	0	0
chrUn_JTFH01001261v1_decoy	1	7768	0	0	0	0	0	0
chrUn_JTFH01001262v1_decoy	1	5691	0	0	0	0	0	0
chrUn_JTFH01001263v1_decoy	1	5444	0	0	0	0	0	0
chrUn_JTFH01001264v1_decoy	1	5077	0	0	0	0	0	0
chrUn_JTFH01001265v1_decoy	1	4990	0	0	0	0	0	0
chrUn_JTFH01001266v1_decoy	1	4545	0	0	0	0	0	0
chrUn_JTFH01001267v1_decoy	1	4544	0	0	0	0	0	0
chrUn_JTFH01001268v1_decoy	1	4202	0	0	0	0	0	0
chrUn_JTFH01001272v1_decoy	1	3699	0	0	0	0	0	0
chrUn_JTFH01001275v1_decoy	1	3455	0	0	0	0	0	0
chrUn_JTFH01001276v1_decoy	1	3411	0	0	0	0	0	0
chrUn_JTFH01001277v1_decoy	1	3387	0	0	0	0	0	0
chrUn_JTFH01001278v1_decoy	1	3358	0	0	0	0	0	0
chrUn_JTFH01001279v1_decoy	1	3285	0	0	0	0	0	0
chrUn_JTFH01001280v1_decoy	1	3273	0	0	0	0	0	0
chrUn_JTFH01001281v1_decoy	1	3262	0	0	0	0	0	0
chrUn_JTFH01001282v1_decoy	1	3259	0	0	0	0	0	0
chrUn_JTFH01001283v1_decoy	1	3222	0	0	0	0	0	0
chrUn_JTFH01001285v1_decoy	1	3110	0	0	0	0	0	0
chrUn_JTFH01001286v1_decoy	1	3104	0	0	0	0	0	0
chrUn_JTFH01001287v1_decoy	1	3071	0	0	0	0	0	0
chrUn_JTFH01001288v1_decoy	1	3063	0	0	0	0	0	0
chrUn_JTFH01001291v1_decoy	1	2986	0	0	0	0	0	0
chrUn_JTFH01001292v1_decoy	1	2928	0	0	0	0	0	0
chrUn_JTFH01001293v1_decoy	1	2922	0	0	0	0	0	0
chrUn_JTFH01001294v1_decoy	1	2875	0	0	0	0	0	0
chrUn_JTFH01001295v1_decoy	1	2859	0	0	0	0	0	0
chrUn_JTFH01001296v1_decoy	1	2850	0	0	0	0	0	0
chrUn_JTFH01001299v1_decoy	1	2736	0	0	0	0	0	0
chrUn_JTFH01001300v1_decoy	1	2688	0	0	0	0	0	0
chrUn_JTFH01001302v1_decoy	1	2643	0	0	0	0	0	0
chrUn_JTFH01001303v1_decoy	1	2618	0	0	0	0	0	0
chrUn_JTFH01001304v1_decoy	1	2605	0	0	0	0	0	0
chrUn_JTFH01001306v1_decoy	1	2534	0	0	0	0	0	0
chrUn_JTFH01001307v1_decoy	1	2512	0	0	0	0	0	0
chrUn_JTFH01001308v1_decoy	1	2500	0	0	0	0	0	0
chrUn_JTFH01001311v1_decoy	1	2473	0	0	0	0	0	0
chrUn_JTFH01001314v1_decoy	1	2430	0	0	0	0	0	0
chrUn_JTFH01001315v1_decoy	1	2417	0	0	0	0	0	0
chrUn_JTFH01001316v1_decoy	1	2408	0	0	0	0	0	0
chrUn_JTFH01001318v1_decoy	1	2352	0	0	0	0	0	0
chrUn_JTFH01001323v1_decoy	1	2292	0	0	0	0	0	0
chrUn_JTFH01001324v1_decoy	1	2271	0	0	0	0	0	0
chrUn_JTFH01001325v1_decoy	1	2265	0	0	0	0	0	0
chrUn_JTFH01001326v1_decoy	1	2260	0	0	0	0	0	0
chrUn_JTFH01001327v1_decoy	1	2240	0	0	0	0	0	0
chrUn_JTFH01001328v1_decoy	1	2238	0	0	0	0	0	0
chrUn_JTFH01001331v1_decoy	1	2205	0	0	0	0	0	0
chrUn_JTFH01001334v1_decoy	1	2190	0	0	0	0	0	0
chrUn_JTFH01001339v1_decoy	1	2146	0	0	0	0	0	0
chrUn_JTFH01001341v1_decoy	1	2112	0	0	0	0	0	0
chrUn_JTFH01001343v1_decoy	1	2106	0	0	0	0	0	0
chrUn_JTFH01001344v1_decoy	1	2106	0	0	0	0	0	0
chrUn_JTFH01001347v1_decoy	1	2081	0	0	0	0	0	0
chrUn_JTFH01001351v1_decoy	1	2037	0	0	0	0	0	0
chrUn_JTFH01001352v1_decoy	1	2032	0	0	0	0	0	0
chrUn_JTFH01001354v1_decoy	1	2020	0	0	0	0	0	0
chrUn_JTFH01001355v1_decoy	1	2018	0	0	0	0	0	0
chrUn_JTFH01001357v1_decoy	1	2001	0	0	0	0	0	0
chrUn_JTFH01001359v1_decoy	1	1991	0	0	0	0	0	0
chrUn_JTFH01001361v1_decoy	1	1983	0	0	0	0	0	0
chrUn_JTFH01001362v1_decoy	1	1981	0	0	0	0	0	0
chrUn_JTFH01001363v1_decoy	1	1981	0	0	0	0	0	0
chrUn_JTFH01001364v1_decoy	1	1979	0	0	0	0	0	0
chrUn_JTFH01001366v1_decoy	1	1932	0	0	0	0	0	0
chrUn_JTFH01001369v1_decoy	1	1874	0	0	0	0	0	0
chrUn_JTFH01001370v1_decoy	1	1849	0	0	0	0	0	0
chrUn_JTFH01001371v1_decoy	1	1849	0	0	0	0	0	0
chrUn_JTFH01001372v1_decoy	1	1833	0	0	0	0	0	0
chrUn_JTFH01001373v1_decoy	1	1832	0	0	0	0	0	0
chrUn_JTFH01001379v1_decoy	1	1786	0	0	0	0	0	0
chrUn_JTFH01001380v1_decoy	1	1778	0	0	0	0	0	0
chrUn_JTFH01001381v1_decoy	1	1776	0	0	0	0	0	0
chrUn_JTFH01001382v1_decoy	1	1762	0	0	0	0	0	0
chrUn_JTFH01001383v1_decoy	1	1758	0	0	0	0	0	0
chrUn_JTFH01001384v1_decoy	1	1757	0	0	0	0	0	0
chrUn_JTFH01001385v1_decoy	1	1754	0	0	0	0	0	0
chrUn_JTFH01001386v1_decoy	1	1752	0	0	0	0	0	0
chrUn_JTFH01001389v1_decoy	1	1738	0	0	0	0	0	0
chrUn_JTFH01001392v1_decoy	1	1716	0	0	0	0	0	0
chrUn_JTFH01001396v1_decoy	1	1702	0	0	0	0	0	0
chrUn_JTFH01001397v1_decoy	1	1699	0	0	0	0	0	0
chrUn_JTFH01001401v1_decoy	1	1678	0	0	0	0	0	0
chrUn_JTFH01001402v1_decoy	1	1678	0	0	0	0	0	0
chrUn_JTFH01001404v1_decoy	1	1676	0	0	0	0	0	0
chrUn_JTFH01001406v1_decoy	1	1669	0	0	0	0	0	0
chrUn_JTFH01001407v1_decoy	1	1668	0	0	0	0	0	0
chrUn_JTFH01001408v1_decoy	1	1663	0	0	0	0	0	0
chrUn_JTFH01001409v1_decoy	1	1660	0	0	0	0	0	0
chrUn_JTFH01001411v1_decoy	1	1658	0	0	0	0	0	0
chrUn_JTFH01001412v1_decoy	1	1656	0	0	0	0	0	0
chrUn_JTFH01001413v1_decoy	1	1656	0	0	0	0	0	0
chrUn_JTFH01001414v1_decoy	1	1652	0	0	0	0	0	0
chrUn_JTFH01001415v1_decoy	1	1647	0	0	0	0	0	0
chrUn_JTFH01001417v1_decoy	1	1641	0	0	0	0	0	0
chrUn_JTFH01001418v1_decoy	1	1638	0	0	0	0	0	0
chrUn_JTFH01001419v1_decoy	1	1633	0	0	0	0	0	0
chrUn_JTFH01001420v1_decoy	1	1626	0	0	0	0	0	0
chrUn_JTFH01001421v1_decoy	1	1614	0	0	0	0	0	0
chrUn_JTFH01001422v1_decoy	1	1612	0	0	0	0	0	0
chrUn_JTFH01001423v1_decoy	1	1605	0	0	0	0	0	0
chrUn_JTFH01001427v1_decoy	1	1588	0	0	0	0	0	0
chrUn_JTFH01001428v1_decoy	1	1585	0	0	0	0	0	0
chrUn_JTFH01001429v1_decoy	1	1584	0	0	0	0	0	0
chrUn_JTFH01001431v1_decoy	1	1580	0	0	0	0	0	0
chrUn_JTFH01001434v1_decoy	1	1569	0	0	0	0	0	0
chrUn_JTFH01001436v1_decoy	1	1567	0	0	0	0	0	0
chrUn_JTFH01001438v1_decoy	1	1559	0	0	0	0	0	0
chrUn_JTFH01001439v1_decoy	1	1559	0	0	0	0	0	0
chrUn_JTFH01001440v1_decoy	1	1556	0	0	0	0	0	0
chrUn_JTFH01001441v1_decoy	1	1554	0	0	0	0	0	0
chrUn_JTFH01001442v1_decoy	1	1549	0	0	0	0	0	0
chrUn_JTFH01001443v1_decoy	1	1542	0	0	0	0	0	0
chrUn_JTFH01001445v1_decoy	1	1538	0	0	0	0	0	0
chrUn_JTFH01001447v1_decoy	1	1535	0	0	0	0	0	0
chrUn_JTFH01001448v1_decoy	1	1530	0	0	0	0	0	0
chrUn_JTFH01001449v1_decoy	1	1528	0	0	0	0	0	0
chrUn_JTFH01001450v1_decoy	1	1522	0	0	0	0	0	0
chrUn_JTFH01001451v1_decoy	1	1514	0	0	0	0	0	0
chrUn_JTFH01001455v1_decoy	1	1499	0	0	0	0	0	0
chrUn_JTFH01001456v1_decoy	1	1499	0	0	0	0	0	0
chrUn_JTFH01001457v1_decoy	1	1497	0	0	0	0	0	0
chrUn_JTFH01001459v1_decoy	1	1488	0	0	0	0	0	0
chrUn_JTFH01001461v1_decoy	1	1485	0	0	0	0	0	0
chrUn_JTFH01001462v1_decoy	1	1481	0	0	0	0	0	0
chrUn_JTFH01001463v1_decoy	1	1479	0	0	0	0	0	0
chrUn_JTFH01001464v1_decoy	1	1472	0	0	0	0	0	0
chrUn_JTFH01001466v1_decoy	1	1470	0	0	0	0	0	0
chrUn_JTFH01001467v1_decoy	1	1466	0	0	0	0	0	0
chrUn_JTFH01001468v1_decoy	1	1465	0	0	0	0	0	0
chrUn_JTFH01001469v1_decoy	1	1461	0	0	0	0	0	0
chrUn_JTFH01001470v1_decoy	1	1458	0	0	0	0	0	0
chrUn_JTFH01001473v1_decoy	1	1447	0	0	0	0	0	0
chrUn_JTFH01001475v1_decoy	1	1443	0	0	0	0	0	0
chrUn_JTFH01001476v1_decoy	1	1443	0	0	0	0	0	0
chrUn_JTFH01001477v1_decoy	1	1438	0	0	0	0	0	0
chrUn_JTFH01001480v1_decoy	1	1430	0	0	0	0	0	0
chrUn_JTFH01001481v1_decoy	1	1429	0	0	0	0	0	0
chrUn_JTFH01001482v1_decoy	1	1429	0	0	0	0	0	0
chrUn_JTFH01001483v1_decoy	1	1429	0	0	0	0	0	0
chrUn_JTFH01001484v1_decoy	1	1426	0	0	0	0	0	0
chrUn_JTFH01001485v1_decoy	1	1426	0	0	0	0	0	0
chrUn_JTFH01001487v1_decoy	1	1416	0	0	0	0	0	0
chrUn_JTFH01001488v1_decoy	1	1416	0	0	0	0	0	0
chrUn_JTFH01001489v1_decoy	1	1415	0	0	0	0	0	0
chrUn_JTFH01001490v1_decoy	1	1415	0	0	0	0	0	0
chrUn_JTFH01001491v1_decoy	1	1414	0	0	0	0	0	0
chrUn_JTFH01001492v1_decoy	1	1413	0	0	0	0	0	0
chrUn_JTFH01001493v1_decoy	1	1410	0	0	0	0	0	0
chrUn_JTFH01001494v1_decoy	1	1405	0	0	0	0	0	0
chrUn_JTFH01001495v1_decoy	1	1402	0	0	0	0	0	0
chrUn_JTFH01001496v1_decoy	1	1398	0	0	0	0	0	0
chrUn_JTFH01001498v1_decoy	1	1395	0	0	0	0	0	0
chrUn_JTFH01001499v1_decoy	1	1392	0	0	0	0	0	0
chrUn_JTFH01001500v1_decoy	1	1388	0	0	0	0	0	0
chrUn_JTFH01001501v1_decoy	1	1386	0	0	0	0	0	0
chrUn_JTFH01001502v1_decoy	1	1382	0	0	0	0	0	0
chrUn_JTFH01001503v1_decoy	1	1381	0	0	0	0	0	0
chrUn_JTFH01001504v1_decoy	1	1379	0	0	0	0	0	0
chrUn_JTFH01001505v1_decoy	1	1376	0	0	0	0	0	0
chrUn_JTFH01001507v1_decoy	1	1374	0	0	0	0	0	0
chrUn_JTFH01001508v1_decoy	1	1373	0	0	0	0	0	0
chrUn_JTFH01001511v1_decoy	1	1370	0	0	0	0	0	0
chrUn_JTFH01001514v1_decoy	1	1364	0	0	0	0	0	0
chrUn_JTFH01001515v1_decoy	1	1361	0	0	0	0	0	0
chrUn_JTFH01001516v1_decoy	1	1361	0	0	0	0	0	0
chrUn_JTFH01001518v1_decoy	1	1355	0	0	0	0	0	0
chrUn_JTFH01001519v1_decoy	1	1354	0	0	0	0	0	0
chrUn_JTFH01001524v1_decoy	1	1343	0	0	0	0	0	0
chrUn_JTFH01001525v1_decoy	1	1338	0	0	0	0	0	0
chrUn_JTFH01001527v1_decoy	1	1338	0	0	0	0	0	0
chrUn_JTFH01001528v1_decoy	1	1336	0	0	0	0	0	0
chrUn_JTFH01001529v1_decoy	1	1333	0	0	0	0	0	0
chrUn_JTFH01001530v1_decoy	1	1333	0	0	0	0	0	0
chrUn_JTFH01001531v1_decoy	1	1332	0	0	0	0	0	0
chrUn_JTFH01001533v1_decoy	1	1323	0	0	0	0	0	0
chrUn_JTFH01001534v1_decoy	1	1323	0	0	0	0	0	0
chrUn_JTFH01001535v1_decoy	1	1320	0	0	0	0	0	0
chrUn_JTFH01001536v1_decoy	1	1320	0	0	0	0	0	0
chrUn_JTFH01001537v1_decoy	1	1317	0	0	0	0	0	0
chrUn_JTFH01001538v1_decoy	1	1316	0	0	0	0	0	0
chrUn_JTFH01001540v1_decoy	1	1304	0	0	0	0	0	0
chrUn_JTFH01001541v1_decoy	1	1303	0	0	0	0	0	0
chrUn_JTFH01001542v1_decoy	1	1302	0	0	0	0	0	0
chrUn_JTFH01001543v1_decoy	1	1301	0	0	0	0	0	0
chrUn_JTFH01001544v1_decoy	1	1300	0	0	0	0	0	0
chrUn_JTFH01001546v1_decoy	1	1297	0	0	0	0	0	0
chrUn_JTFH01001547v1_decoy	1	1295	0	0	0	0	0	0
chrUn_JTFH01001548v1_decoy	1	1284	0	0	0	0	0	0
chrUn_JTFH01001550v1_decoy	1	1283	0	0	0	0	0	0
chrUn_JTFH01001551v1_decoy	1	1279	0	0	0	0	0	0
chrUn_JTFH01001552v1_decoy	1	1278	0	0	0	0	0	0
chrUn_JTFH01001555v1_decoy	1	1268	0	0	0	0	0	0
chrUn_JTFH01001557v1_decoy	1	1263	0	0	0	0	0	0
chrUn_JTFH01001558v1_decoy	1	1262	0	0	0	0	0	0
chrUn_JTFH01001559v1_decoy	1	1261	0	0	0	0	0	0
chrUn_JTFH01001560v1_decoy	1	1260	0	0	0	0	0	0
chrUn_JTFH01001561v1_decoy	1	1259	0	0	0	0	0	0
chrUn_JTFH01001562v1_decoy	1	1259	0	0	0	0	0	0
chrUn_JTFH01001563v1_decoy	1	1258	0	0	0	0	0	0
chrUn_JTFH01001564v1_decoy	1	1256	0	0	0	0	0	0
chrUn_JTFH01001565v1_decoy	1	1253	0	0	0	0	0	0
chrUn_JTFH01001566v1_decoy	1	1248	0	0	0	0	0	0
chrUn_JTFH01001567v1_decoy	1	1248	0	0	0	0	0	0
chrUn_JTFH01001568v1_decoy	1	1246	0	0	0	0	0	0
chrUn_JTFH01001569v1_decoy	1	1246	0	0	0	0	0	0
chrUn_JTFH01001570v1_decoy	1	1244	0	0	0	0	0	0
chrUn_JTFH01001571v1_decoy	1	1238	0	0	0	0	0	0
chrUn_JTFH01001572v1_decoy	1	1238	0	0	0	0	0	0
chrUn_JTFH01001573v1_decoy	1	1236	0	0	0	0	0	0
chrUn_JTFH01001575v1_decoy	1	1234	0	0	0	0	0	0
chrUn_JTFH01001576v1_decoy	1	1231	0	0	0	0	0	0
chrUn_JTFH01001577v1_decoy	1	1231	0	0	0	0	0	0
chrUn_JTFH01001578v1_decoy	1	1230	0	0	0	0	0	0
chrUn_JTFH01001579v1_decoy	1	1230	0	0	0	0	0	0
chrUn_JTFH01001580v1_decoy	1	1228	0	0	0	0	0	0
chrUn_JTFH01001581v1_decoy	1	1227	0	0	0	0	0	0
chrUn_JTFH01001582v1_decoy	1	1222	0	0	0	0	0	0
chrUn_JTFH01001583v1_decoy	1	1222	0	0	0	0	0	0
chrUn_JTFH01001586v1_decoy	1	1220	0	0	0	0	0	0
chrUn_JTFH01001587v1_decoy	1	1218	0	0	0	0	0	0
chrUn_JTFH01001588v1_decoy	1	1218	0	0	0	0	0	0
chrUn_JTFH01001589v1_decoy	1	1216	0	0	0	0	0	0
chrUn_JTFH01001590v1_decoy	1	1216	0	0	0	0	0	0
chrUn_JTFH01001591v1_decoy	1	1212	0	0	0	0	0	0
chrUn_JTFH01001592v1_decoy	1	1210	0	0	0	0	0	0
chrUn_JTFH01001593v1_decoy	1	1209	0	0	0	0	0	0
chrUn_JTFH01001594v1_decoy	1	1208	0	0	0	0	0	0
chrUn_JTFH01001595v1_decoy	1	1208	0	0	0	0	0	0
chrUn_JTFH01001596v1_decoy	1	1206	0	0	0	0	0	0
chrUn_JTFH01001597v1_decoy	1	1205	0	0	0	0	0	0
chrUn_JTFH01001598v1_decoy	1	1205	0	0	0	0	0	0
chrUn_JTFH01001600v1_decoy	1	1200	0	0	0	0	0	0
chrUn_JTFH01001601v1_decoy	1	1199	0	0	0	0	0	0
chrUn_JTFH01001602v1_decoy	1	1198	0	0	0	0	0	0
chrUn_JTFH01001603v1_decoy	1	1198	0	0	0	0	0	0
chrUn_JTFH01001604v1_decoy	1	1198	0	0	0	0	0	0
chrUn_JTFH01001606v1_decoy	1	1194	0	0	0	0	0	0
chrUn_JTFH01001607v1_decoy	1	1191	0	0	0	0	0	0
chrUn_JTFH01001608v1_decoy	1	1189	0	0	0	0	0	0
chrUn_JTFH01001609v1_decoy	1	1188	0	0	0	0	0	0
chrUn_JTFH01001612v1_decoy	1	1179	0	0	0	0	0	0
chrUn_JTFH01001614v1_decoy	1	1168	0	0	0	0	0	0
chrUn_JTFH01001615v1_decoy	1	1166	0	0	0	0	0	0
chrUn_JTFH01001616v1_decoy	1	1157	0	0	0	0	0	0
chrUn_JTFH01001617v1_decoy	1	1156	0	0	0	0	0	0
chrUn_JTFH01001618v1_decoy	1	1156	0	0	0	0	0	0
chrUn_JTFH01001619v1_decoy	1	1155	0	0	0	0	0	0
chrUn_JTFH01001620v1_decoy	1	1154	0	0	0	0	0	0
chrUn_JTFH01001622v1_decoy	1	1149	0	0	0	0	0	0
chrUn_JTFH01001623v1_decoy	1	1143	0	0	0	0	0	0
chrUn_JTFH01001624v1_decoy	1	1143	0	0	0	0	0	0
chrUn_JTFH01001625v1_decoy	1	1140	0	0	0	0	0	0
chrUn_JTFH01001626v1_decoy	1	1137	0	0	0	0	0	0
chrUn_JTFH01001627v1_decoy	1	1135	0	0	0	0	0	0
chrUn_JTFH01001628v1_decoy	1	1135	0	0	0	0	0	0
chrUn_JTFH01001629v1_decoy	1	1135	0	0	0	0	0	0
chrUn_JTFH01001632v1_decoy	1	1126	0	0	0	0	0	0
chrUn_JTFH01001633v1_decoy	1	1123	0	0	0	0	0	0
chrUn_JTFH01001634v1_decoy	1	1123	0	0	0	0	0	0
chrUn_JTFH01001635v1_decoy	1	1123	0	0	0	0	0	0
chrUn_JTFH01001636v1_decoy	1	1122	0	0	0	0	0	0
chrUn_JTFH01001637v1_decoy	1	1122	0	0	0	0	0	0
chrUn_JTFH01001639v1_decoy	1	1121	0	0	0	0	0	0
chrUn_JTFH01001640v1_decoy	1	1119	0	0	0	0	0	0
chrUn_JTFH01001641v1_decoy	1	1119	0	0	0	0	0	0
chrUn_JTFH01001642v1_decoy	1	1119	0	0	0	0	0	0
chrUn_JTFH01001643v1_decoy	1	1118	0	0	0	0	0	0
chrUn_JTFH01001644v1_decoy	1	1115	0	0	0	0	0	0
chrUn_JTFH01001645v1_decoy	1	1106	0	0	0	0	0	0
chrUn_JTFH01001646v1_decoy	1	1106	0	0	0	0	0	0
chrUn_JTFH01001647v1_decoy	1	1104	0	0	0	0	0	0
chrUn_JTFH01001648v1_decoy	1	1102	0	0	0	0	0	0
chrUn_JTFH01001650v1_decoy	1	1098	0	0	0	0	0	0
chrUn_JTFH01001651v1_decoy	1	1098	0	0	0	0	0	0
chrUn_JTFH01001652v1_decoy	1	1096	0	0	0	0	0	0
chrUn_JTFH01001653v1_decoy	1	1096	0	0	0	0	0	0
chrUn_JTFH01001655v1_decoy	1	1093	0	0	0	0	0	0
chrUn_JTFH01001656v1_decoy	1	1090	0	0	0	0	0	0
chrUn_JTFH01001657v1_decoy	1	1089	0	0	0	0	0	0
chrUn_JTFH01001658v1_decoy	1	1087	0	0	0	0	0	0
chrUn_JTFH01001659v1_decoy	1	1087	0	0	0	0	0	0
chrUn_JTFH01001660v1_decoy	1	1085	0	0	0	0	0	0
chrUn_JTFH01001661v1_decoy	1	1085	0	0	0	0	0	0
chrUn_JTFH01001662v1_decoy	1	1085	0	0	0	0	0	0
chrUn_JTFH01001663v1_decoy	1	1083	0	0	0	0	0	0
chrUn_JTFH01001665v1_decoy	1	1080	0	0	0	0	0	0
chrUn_JTFH01001666v1_decoy	1	1079	0	0	0	0	0	0
chrUn_JTFH01001667v1_decoy	1	1079	0	0	0	0	0	0
chrUn_JTFH01001668v1_decoy	1	1079	0	0	0	0	0	0
chrUn_JTFH01001670v1_decoy	1	1074	0	0	0	0	0	0
chrUn_JTFH01001671v1_decoy	1	1073	0	0	0	0	0	0
chrUn_JTFH01001672v1_decoy	1	1070	0	0	0	0	0	0
chrUn_JTFH01001673v1_decoy	1	1068	0	0	0	0	0	0
chrUn_JTFH01001674v1_decoy	1	1067	0	0	0	0	0	0
chrUn_JTFH01001675v1_decoy	1	1066	0	0	0	0	0	0
chrUn_JTFH01001676v1_decoy	1	1066	0	0	0	0	0	0
chrUn_JTFH01001678v1_decoy	1	1063	0	0	0	0	0	0
chrUn_JTFH01001679v1_decoy	1	1063	0	0	0	0	0	0
chrUn_JTFH01001681v1_decoy	1	1062	0	0	0	0	0	0
chrUn_JTFH01001682v1_decoy	1	1058	0	0	0	0	0	0
chrUn_JTFH01001683v1_decoy	1	1056	0	0	0	0	0	0
chrUn_JTFH01001684v1_decoy	1	1052	0	0	0	0	0	0
chrUn_JTFH01001685v1_decoy	1	1051	0	0	0	0	0	0
chrUn_JTFH01001686v1_decoy	1	1051	0	0	0	0	0	0
chrUn_JTFH01001687v1_decoy	1	1050	0	0	0	0	0	0
chrUn_JTFH01001688v1_decoy	1	1048	0	0	0	0	0	0
chrUn_JTFH01001689v1_decoy	1	1046	0	0	0	0	0	0
chrUn_JTFH01001690v1_decoy	1	1046	0	0	0	0	0	0
chrUn_JTFH01001691v1_decoy	1	1045	0	0	0	0	0	0
chrUn_JTFH01001692v1_decoy	1	1043	0	0	0	0	0	0
chrUn_JTFH01001693v1_decoy	1	1038	0	0	0	0	0	0
chrUn_JTFH01001694v1_decoy	1	1036	0	0	0	0	0	0
chrUn_JTFH01001695v1_decoy	1	1035	0	0	0	0	0	0
chrUn_JTFH01001696v1_decoy	1	1035	0	0	0	0	0	0
chrUn_JTFH01001697v1_decoy	1	1035	0	0	0	0	0	0
chrUn_JTFH01001698v1_decoy	1	1033	0	0	0	0	0	0
chrUn_JTFH01001699v1_decoy	1	1032	0	0	0	0	0	0
chrUn_JTFH01001700v1_decoy	1	1031	0	0	0	0	0	0
chrUn_JTFH01001701v1_decoy	1	1026	0	0	0	0	0	0
chrUn_JTFH01001702v1_decoy	1	1026	0	0	0	0	0	0
chrUn_JTFH01001703v1_decoy	1	1026	0	0	0	0	0	0
chrUn_JTFH01001704v1_decoy	1	1023	0	0	0	0	0	0
chrUn_JTFH01001705v1_decoy	1	1022	0	0	0	0	0	0
chrUn_JTFH01001706v1_decoy	1	1020	0	0	0	0	0	0
chrUn_JTFH01001707v1_decoy	1	1020	0	0	0	0	0	0
chrUn_JTFH01001708v1_decoy	1	1020	0	0	0	0	0	0
chrUn_JTFH01001709v1_decoy	1	1019	0	0	0	0	0	0
chrUn_JTFH01001710v1_decoy	1	1018	0	0	0	0	0	0
chrUn_JTFH01001712v1_decoy	1	1017	0	0	0	0	0	0
chrUn_JTFH01001713v1_decoy	1	1015	0	0	0	0	0	0
chrUn_JTFH01001714v1_decoy	1	1015	0	0	0	0	0	0
chrUn_JTFH01001715v1_decoy	1	1015	0	0	0	0	0	0
chrUn_JTFH01001716v1_decoy	1	1014	0	0	0	0	0	0
chrUn_JTFH01001717v1_decoy	1	1014	0	0	0	0	0	0
chrUn_JTFH01001718v1_decoy	1	1013	0	0	0	0	0	0
chrUn_JTFH01001719v1_decoy	1	1013	0	0	0	0	0	0
chrUn_JTFH01001720v1_decoy	1	1013	0	0	0	0	0	0
chrUn_JTFH01001721v1_decoy	1	1012	0	0	0	0	0	0
chrUn_JTFH01001722v1_decoy	1	1011	0	0	0	0	0	0
chrUn_JTFH01001723v1_decoy	1	1011	0	0	0	0	0	0
chrUn_JTFH01001725v1_decoy	1	1008	0	0	0	0	0	0
chrUn_JTFH01001726v1_decoy	1	1008	0	0	0	0	0	0
chrUn_JTFH01001727v1_decoy	1	1007	0	0	0	0	0	0
chrUn_JTFH01001728v1_decoy	1	1007	0	0	0	0	0	0
chrUn_JTFH01001730v1_decoy	1	1006	0	0	0	0	0	0
chrUn_JTFH01001731v1_decoy	1	1005	0	0	0	0	0	0
chrUn_JTFH01001732v1_decoy	1	1003	0	0	0	0	0	0
chrUn_JTFH01001733v1_decoy	1	1001	0	0	0	0	0	0
chrUn_JTFH01001734v1_decoy	1	1000	0	0	0	0	0	0
chrUn_JTFH01001735v1_decoy	1	19311	0	0	0	0	0	0
chrUn_JTFH01001745v1_decoy	1	8566	0	0	0	0	0	0
chrUn_JTFH01001749v1_decoy	1	7471	0	0	0	0	0	0
chrUn_JTFH01001755v1_decoy	1	6897	0	0	0	0	0	0
chrUn_JTFH01001762v1_decoy	1	6396	0	0	0	0	0	0
chrUn_JTFH01001763v1_decoy	1	6345	0	0	0	0	0	0
chrUn_JTFH01001765v1_decoy	1	6266	0	0	0	0	0	0
chrUn_JTFH01001766v1_decoy	1	6173	0	0	0	0	0	0
chrUn_JTFH01001770v1_decoy	1	6099	0	0	0	0	0	0
chrUn_JTFH01001773v1_decoy	1	5793	0	0	0	0	0	0
chrUn_JTFH01001774v1_decoy	1	5776	0	0	0	0	0	0
chrUn_JTFH01001775v1_decoy	1	5759	0	0	0	0	0	0
chrUn_JTFH01001779v1_decoy	1	5566	0	0	0	0	0	0
chrUn_JTFH01001782v1_decoy	1	5375	0	0	0	0	0	0
chrUn_JTFH01001790v1_decoy	1	4897	0	0	0	0	0	0
chrUn_JTFH01001791v1_decoy	1	4867	0	0	0	0	0	0
chrUn_JTFH01001792v1_decoy	1	4845	0	0	0	0	0	0
chrUn_JTFH01001793v1_decoy	1	4678	0	0	0	0	0	0
chrUn_JTFH01001795v1_decoy	1	4592	0	0	0	0	0	0
chrUn_JTFH01001796v1_decoy	1	4543	0	0	0	0	0	0
chrUn_JTFH01001799v1_decoy	1	4495	0	0	0	0	0	0
chrUn_JTFH01001800v1_decoy	1	4444	0	0	0	0	0	0
chrUn_JTFH01001801v1_decoy	1	4414	0	0	0	0	0	0
chrUn_JTFH01001802v1_decoy	1	4409	0	0	0	0	0	0
chrUn_JTFH01001803v1_decoy	1	4302	0	0	0	0	0	0
chrUn_JTFH01001804v1_decoy	1	4300	0	0	0	0	0	0
chrUn_JTFH01001810v1_decoy	1	4089	0	0	0	0	0	0
chrUn_JTFH01001811v1_decoy	1	4015	0	0	0	0	0	0
chrUn_JTFH01001812v1_decoy	1	4000	0	0	0	0	0	0
chrUn_JTFH01001814v1_decoy	1	3732	0	0	0	0	0	0
chrUn_JTFH01001817v1_decoy	1	3676	0	0	0	0	0	0
chrUn_JTFH01001820v1_decoy	1	3633	0	0	0	0	0	0
chrUn_JTFH01001826v1_decoy	1	3584	0	0	0	0	0	0
chrUn_JTFH01001828v1_decoy	1	3537	0	0	0	0	0	0
chrUn_JTFH01001831v1_decoy	1	3488	0	0	0	0	0	0
chrUn_JTFH01001832v1_decoy	1	3473	0	0	0	0	0	0
chrUn_JTFH01001833v1_decoy	1	3445	0	0	0	0	0	0
chrUn_JTFH01001839v1_decoy	1	3315	0	0	0	0	0	0
chrUn_JTFH01001840v1_decoy	1	3313	0	0	0	0	0	0
chrUn_JTFH01001841v1_decoy	1	3283	0	0	0	0	0	0
chrUn_JTFH01001842v1_decoy	1	3250	0	0	0	0	0	0
chrUn_JTFH01001843v1_decoy	1	3247	0	0	0	0	0	0
chrUn_JTFH01001845v1_decoy	1	3235	0	0	0	0	0	0
chrUn_JTFH01001853v1_decoy	1	3136	0	0	0	0	0	0
chrUn_JTFH01001854v1_decoy	1	3132	0	0	0	0	0	0
chrUn_JTFH01001859v1_decoy	1	3059	0	0	0	0	0	0
chrUn_JTFH01001860v1_decoy	1	2985	0	0	0	0	0	0
chrUn_JTFH01001861v1_decoy	1	2975	0	0	0	0	0	0
chrUn_JTFH01001863v1_decoy	1	2961	0	0	0	0	0	0
chrUn_JTFH01001864v1_decoy	1	2955	0	0	0	0	0	0
chrUn_JTFH01001865v1_decoy	1	2935	0	0	0	0	0	0
chrUn_JTFH01001871v1_decoy	1	2885	0	0	0	0	0	0
chrUn_JTFH01001872v1_decoy	1	2878	0	0	0	0	0	0
chrUn_JTFH01001873v1_decoy	1	2875	0	0	0	0	0	0
chrUn_JTFH01001877v1_decoy	1	2801	0	0	0	0	0	0
chrUn_JTFH01001881v1_decoy	1	2755	0	0	0	0	0	0
chrUn_JTFH01001882v1_decoy	1	2754	0	0	0	0	0	0
chrUn_JTFH01001883v1_decoy	1	2743	0	0	0	0	0	0
chrUn_JTFH01001885v1_decoy	1	2722	0	0	0	0	0	0
chrUn_JTFH01001886v1_decoy	1	2682	0	0	0	0	0	0
chrUn_JTFH01001890v1_decoy	1	2647	0	0	0	0	0	0
chrUn_JTFH01001891v1_decoy	1	2635	0	0	0	0	0	0
chrUn_JTFH01001894v1_decoy	1	2612	0	0	0	0	0	0
chrUn_JTFH01001895v1_decoy	1	2599	0	0	0	0	0	0
chrUn_JTFH01001897v1_decoy	1	2556	0	0	0	0	0	0
chrUn_JTFH01001900v1_decoy	1	2538	0	0	0	0	0	0
chrUn_JTFH01001901v1_decoy	1	2538	0	0	0	0	0	0
chrUn_JTFH01001902v1_decoy	1	2525	0	0	0	0	0	0
chrUn_JTFH01001904v1_decoy	1	2496	0	0	0	0	0	0
chrUn_JTFH01001907v1_decoy	1	2469	0	0	0	0	0	0
chrUn_JTFH01001909v1_decoy	1	2444	0	0	0	0	0	0
chrUn_JTFH01001912v1_decoy	1	2427	0	0	0	0	0	0
chrUn_JTFH01001913v1_decoy	1	2419	0	0	0	0	0	0
chrUn_JTFH01001923v1_decoy	1	2382	0	0	0	0	0	0
chrUn_JTFH01001924v1_decoy	1	2367	0	0	0	0	0	0
chrUn_JTFH01001925v1_decoy	1	2366	0	0	0	0	0	0
chrUn_JTFH01001926v1_decoy	1	2362	0	0	0	0	0	0
chrUn_JTFH01001930v1_decoy	1	2348	0	0	0	0	0	0
chrUn_JTFH01001932v1_decoy	1	2339	0	0	0	0	0	0
chrUn_JTFH01001933v1_decoy	1	2336	0	0	0	0	0	0
chrUn_JTFH01001942v1_decoy	1	2274	0	0	0	0	0	0
chrUn_JTFH01001944v1_decoy	1	2260	0	0	0	0	0	0
chrUn_JTFH01001950v1_decoy	1	2230	0	0	0	0	0	0
chrUn_JTFH01001951v1_decoy	1	2222	0	0	0	0	0	0
chrUn_JTFH01001952v1_decoy	1	2216	0	0	0	0	0	0
chrUn_JTFH01001957v1_decoy	1	2196	0	0	0	0	0	0
chrUn_JTFH01001958v1_decoy	1	2196	0	0	0	0	0	0
chrUn_JTFH01001962v1_decoy	1	2172	0	0	0	0	0	0
chrUn_JTFH01001964v1_decoy	1	2167	0	0	0	0	0	0
chrUn_JTFH01001967v1_decoy	1	2153	0	0	0	0	0	0
chrUn_JTFH01001968v1_decoy	1	2151	0	0	0	0	0	0
chrUn_JTFH01001971v1_decoy	1	2142	0	0	0	0	0	0
chrUn_JTFH01001977v1_decoy	1	2126	0	0	0	0	0	0
chrUn_JTFH01001983v1_decoy	1	2083	0	0	0	0	0	0
chrUn_JTFH01001988v1_decoy	1	2067	0	0	0	0	0	0
chrUn_JTFH01001989v1_decoy	1	2055	0	0	0	0	0	0
chrUn_JTFH01001993v1_decoy	1	2024	0	0	0	0	0	0
chrUn_JTFH01001994v1_decoy	1	2016	0	0	0	0	0	0
chrUn_JTFH01001996v1_decoy	1	2009	0	0	0	0	0	0
HLA-A*01:01:01:01	1	3503	0	0	0	0	0	0
HLA-A*01:01:01:02N	1	3291	0	0	0	0	0	0
HLA-A*01:01:38L	1	3374	0	0	0	0	0	0
HLA-A*01:02	1	3374	0	0	0	0	0	0
HLA-A*01:03	1	3503	0	0	0	0	0	0
HLA-A*01:04N	1	3136	0	0	0	0	0	0
HLA-A*01:09	1	3105	0	0	0	0	0	0
HLA-A*01:11N	1	3374	0	0	0	0	0	0
HLA-A*01:16N	1	2985	0	0	0	0	0	0
HLA-A*01:20	1	3105	0	0	0	0	0	0
HLA-A*02:01:01:01	1	3517	0	0	0	0	0	0
HLA-A*02:01:01:02L	1	3287	0	0	0	0	0	0
HLA-A*02:01:01:03	1	3023	0	0	0	0	0	0
HLA-A*02:01:01:04	1	3516	0	0	0	0	0	0
HLA-A*02:02:01	1	2917	0	0	0	0	0	0
HLA-A*02:03:01	1	3517	0	0	0	0	0	0
HLA-A*02:03:03	1	3148	0	0	0	0	0	0
HLA-A*02:05:01	1	3517	0	0	0	0	0	0
HLA-A*02:06:01	1	3517	0	0	0	0	0	0
HLA-A*02:07:01	1	3517	0	0	0	0	0	0
HLA-A*02:10	1	3517	0	0	0	0	0	0
HLA-A*02:251	1	3517	0	0	0	0	0	0
HLA-A*02:259	1	2978	0	0	0	0	0	0
HLA-A*02:264	1	3002	0	0	0	0	0	0
HLA-A*02:265	1	3148	0	0	0	0	0	0
HLA-A*02:266	1	3084	0	0	0	0	0	0
HLA-A*02:269	1	3101	0	0	0	0	0	0
HLA-A*02:279	1	3103	0	0	0	0	0	0
HLA-A*02:32N	1	3517	0	0	0	0	0	0
HLA-A*02:376	1	3104	0	0	0	0	0	0
HLA-A*02:43N	1	3218	0	0	0	0	0	0
HLA-A*02:455	1	3118	0	0	0	0	0	0
HLA-A*02:48	1	3517	0	0	0	0	0	0
HLA-A*02:51	1	3109	0	0	0	0	0	0
HLA-A*02:533	1	3217	0	0	0	0	0	0
HLA-A*02:53N	1	3305	0	0	0	0	0	0
HLA-A*02:57	1	3054	0	0	0	0	0	0
HLA-A*02:60:01	1	3112	0	0	0	0	0	0
HLA-A*02:65	1	3387	0	0	0	0	0	0
HLA-A*02:68	1	3109	0	0	0	0	0	0
HLA-A*02:77	1	3371	0	0	0	0	0	0
HLA-A*02:81	1	3309	0	0	0	0	0	0
HLA-A*02:89	1	3371	0	0	0	0	0	0
HLA-A*02:95	1	3388	0	0	0	0	0	0
HLA-A*03:01:01:01	1	3502	0	0	0	0	0	0
HLA-A*03:01:01:02N	1	3373	0	0	0	0	0	0
HLA-A*03:01:01:03	1	3094	0	0	0	0	0	0
HLA-A*03:02:01	1	3502	0	0	0	0	0	0
HLA-A*03:11N	1	3404	0	0	0	0	0	0
HLA-A*03:21N	1	3095	0	0	0	0	0	0
HLA-A*03:36N	1	3142	0	0	0	0	0	0
HLA-A*11:01:01	1	3503	0	0	0	0	0	0
HLA-A*11:01:18	1	3503	0	0	0	0	0	0
HLA-A*11:02:01	1	3503	0	0	0	0	0	0
HLA-A*11:05	1	3373	0	0	0	0	0	0
HLA-A*11:110	1	2903	0	0	0	0	0	0
HLA-A*11:25	1	3073	0	0	0	0	0	0
HLA-A*11:50Q	1	3362	0	0	0	0	0	0
HLA-A*11:60	1	3241	0	0	0	0	0	0
HLA-A*11:69N	1	3500	0	0	0	0	0	0
HLA-A*11:74	1	3227	0	0	0	0	0	0
HLA-A*11:75	1	3184	0	0	0	0	0	0
HLA-A*11:77	1	3233	0	0	0	0	0	0
HLA-A*23:01:01	1	3502	0	0	0	0	0	0
HLA-A*23:09	1	3104	0	0	0	0	0	0
HLA-A*23:38N	1	3020	0	0	0	0	0	0
HLA-A*24:02:01:01	1	3502	0	0	0	0	0	0
HLA-A*24:02:01:02L	1	3502	0	0	0	0	0	0
HLA-A*24:02:01:03	1	3075	0	0	0	0	0	0
HLA-A*24:02:03Q	1	3247	0	0	0	0	0	0
HLA-A*24:02:10	1	3356	0	0	0	0	0	0
HLA-A*24:03:01	1	3502	0	0	0	0	0	0
HLA-A*24:07:01	1	3502	0	0	0	0	0	0
HLA-A*24:08	1	3502	0	0	0	0	0	0
HLA-A*24:09N	1	3502	0	0	0	0	0	0
HLA-A*24:10:01	1	3502	0	0	0	0	0	0
HLA-A*24:11N	1	3503	0	0	0	0	0	0
HLA-A*24:152	1	3176	0	0	0	0	0	0
HLA-A*24:20	1	3502	0	0	0	0	0	0
HLA-A*24:215	1	3116	0	0	0	0	0	0
HLA-A*24:61	1	3043	0	0	0	0	0	0
HLA-A*24:86N	1	3415	0	0	0	0	0	0
HLA-A*25:01:01	1	2917	0	0	0	0	0	0
HLA-A*26:01:01	1	3517	0	0	0	0	0	0
HLA-A*26:11N	1	3091	0	0	0	0	0	0
HLA-A*26:15	1	3217	0	0	0	0	0	0
HLA-A*26:50	1	3141	0	0	0	0	0	0
HLA-A*29:01:01:01	1	3518	0	0	0	0	0	0
HLA-A*29:01:01:02N	1	3303	0	0	0	0	0	0
HLA-A*29:02:01:01	1	3518	0	0	0	0	0	0
HLA-A*29:02:01:02	1	3518	0	0	0	0	0	0
HLA-A*29:46	1	3310	0	0	0	0	0	0
HLA-A*30:01:01	1	3503	0	0	0	0	0	0
HLA-A*30:02:01:01	1	2903	0	0	0	0	0	0
HLA-A*30:02:01:02	1	3374	0	0	0	0	0	0
HLA-A*30:04:01	1	3503	0	0	0	0	0	0
HLA-A*30:89	1	2903	0	0	0	0	0	0
HLA-A*31:01:02	1	3518	0	0	0	0	0	0
HLA-A*31:01:23	1	2918	0	0	0	0	0	0
HLA-A*31:04	1	2918	0	0	0	0	0	0
HLA-A*31:14N	1	3090	0	0	0	0	0	0
HLA-A*31:46	1	3075	0	0	0	0	0	0
HLA-A*32:01:01	1	3518	0	0	0	0	0	0
HLA-A*32:06	1	3389	0	0	0	0	0	0
HLA-A*33:01:01	1	3518	0	0	0	0	0	0
HLA-A*33:03:01	1	3518	0	0	0	0	0	0
HLA-A*33:07	1	3389	0	0	0	0	0	0
HLA-A*34:01:01	1	3517	0	0	0	0	0	0
HLA-A*34:02:01	1	3096	0	0	0	0	0	0
HLA-A*36:01	1	2903	0	0	0	0	0	0
HLA-A*43:01	1	3388	0	0	0	0	0	0
HLA-A*66:01:01	1	3517	0	0	0	0	0	0
HLA-A*66:17	1	3075	0	0	0	0	0	0
HLA-A*68:01:01:01	1	2930	0	0	0	0	0	0
HLA-A*68:01:01:02	1	3517	0	0	0	0	0	0
HLA-A*68:01:02:01	1	3517	0	0	0	0	0	0
HLA-A*68:01:02:02	1	3388	0	0	0	0	0	0
HLA-A*68:02:01:01	1	3517	0	0	0	0	0	0
HLA-A*68:02:01:02	1	3506	0	0	0	0	0	0
HLA-A*68:02:01:03	1	2909	0	0	0	0	0	0
HLA-A*68:02:02	1	2916	0	0	0	0	0	0
HLA-A*68:03:01	1	2917	0	0	0	0	0	0
HLA-A*68:08:01	1	3120	0	0	0	0	0	0
HLA-A*68:113	1	3070	0	0	0	0	0	0
HLA-A*68:17	1	3134	0	0	0	0	0	0
HLA-A*68:18N	1	3237	0	0	0	0	0	0
HLA-A*68:22	1	3119	0	0	0	0	0	0
HLA-A*68:71	1	3198	0	0	0	0	0	0
HLA-A*69:01	1	2917	0	0	0	0	0	0
HLA-A*74:01	1	2918	0	0	0	0	0	0
HLA-A*74:02:01:01	1	2918	0	0	0	0	0	0
HLA-A*74:02:01:02	1	3518	0	0	0	0	0	0
HLA-A*80:01:01:01	1	3263	0	0	0	0	0	0
HLA-A*80:01:01:02	1	3055	0	0	0	0	0	0
HLA-B*07:02:01	1	3323	0	0	0	0	0	0
HLA-B*07:05:01	1	2676	0	0	0	0	0	0
HLA-B*07:06	1	2676	0	0	0	0	0	0
HLA-B*07:156	1	2967	0	0	0	0	0	0
HLA-B*07:33:01	1	3239	0	0	0	0	0	0
HLA-B*07:41	1	3266	0	0	0	0	0	0
HLA-B*07:44	1	3270	0	0	0	0	0	0
HLA-B*07:50	1	3323	0	0	0	0	0	0
HLA-B*08:01:01	1	3322	0	0	0	0	0	0
HLA-B*08:08N	1	3035	0	0	0	0	0	0
HLA-B*08:132	1	2675	0	0	0	0	0	0
HLA-B*08:134	1	2959	0	0	0	0	0	0
HLA-B*08:19N	1	3322	0	0	0	0	0	0
HLA-B*08:20	1	3322	0	0	0	0	0	0
HLA-B*08:33	1	3322	0	0	0	0	0	0
HLA-B*08:79	1	2676	0	0	0	0	0	0
HLA-B*13:01:01	1	3324	0	0	0	0	0	0
HLA-B*13:02:01	1	3324	0	0	0	0	0	0
HLA-B*13:02:03	1	3323	0	0	0	0	0	0
HLA-B*13:02:09	1	2919	0	0	0	0	0	0
HLA-B*13:08	1	3324	0	0	0	0	0	0
HLA-B*13:15	1	3323	0	0	0	0	0	0
HLA-B*13:25	1	2689	0	0	0	0	0	0
HLA-B*14:01:01	1	3312	0	0	0	0	0	0
HLA-B*14:02:01	1	3312	0	0	0	0	0	0
HLA-B*14:07N	1	3255	0	0	0	0	0	0
HLA-B*15:01:01:01	1	3336	0	0	0	0	0	0
HLA-B*15:01:01:02N	1	1208	0	0	0	0	0	0
HLA-B*15:01:01:03	1	3026	0	0	0	0	0	0
HLA-B*15:02:01	1	3335	0	0	0	0	0	0
HLA-B*15:03:01	1	2689	0	0	0	0	0	0
HLA-B*15:04:01	1	3052	0	0	0	0	0	0
HLA-B*15:07:01	1	3336	0	0	0	0	0	0
HLA-B*15:108	1	3283	0	0	0	0	0	0
HLA-B*15:10:01	1	2689	0	0	0	0	0	0
HLA-B*15:11:01	1	3336	0	0	0	0	0	0
HLA-B*15:13:01	1	2688	0	0	0	0	0	0
HLA-B*15:16:01	1	2688	0	0	0	0	0	0
HLA-B*15:17:01:01	1	3051	0	0	0	0	0	0
HLA-B*15:17:01:02	1	3051	0	0	0	0	0	0
HLA-B*15:18:01	1	3336	0	0	0	0	0	0
HLA-B*15:220	1	2878	0	0	0	0	0	0
HLA-B*15:25:01	1	3335	0	0	0	0	0	0
HLA-B*15:27:01	1	2689	0	0	0	0	0	0
HLA-B*15:32:01	1	3336	0	0	0	0	0	0
HLA-B*15:42	1	3333	0	0	0	0	0	0
HLA-B*15:58	1	3336	0	0	0	0	0	0
HLA-B*15:66	1	2902	0	0	0	0	0	0
HLA-B*15:77	1	3336	0	0	0	0	0	0
HLA-B*15:83	1	3337	0	0	0	0	0	0
HLA-B*18:01:01:01	1	3323	0	0	0	0	0	0
HLA-B*18:01:01:02	1	3323	0	0	0	0	0	0
HLA-B*18:02	1	2686	0	0	0	0	0	0
HLA-B*18:03	1	3323	0	0	0	0	0	0
HLA-B*18:17N	1	2979	0	0	0	0	0	0
HLA-B*18:26	1	3323	0	0	0	0	0	0
HLA-B*18:94N	1	2970	0	0	0	0	0	0
HLA-B*27:04:01	1	3325	0	0	0	0	0	0
HLA-B*27:05:02	1	3325	0	0	0	0	0	0
HLA-B*27:05:18	1	3321	0	0	0	0	0	0
HLA-B*27:06	1	3325	0	0	0	0	0	0
HLA-B*27:07:01	1	2677	0	0	0	0	0	0
HLA-B*27:131	1	3325	0	0	0	0	0	0
HLA-B*27:24	1	2677	0	0	0	0	0	0
HLA-B*27:25	1	2677	0	0	0	0	0	0
HLA-B*27:32	1	3325	0	0	0	0	0	0
HLA-B*35:01:01:01	1	3327	0	0	0	0	0	0
HLA-B*35:01:01:02	1	3327	0	0	0	0	0	0
HLA-B*35:01:22	1	2806	0	0	0	0	0	0
HLA-B*35:02:01	1	3327	0	0	0	0	0	0
HLA-B*35:03:01	1	2689	0	0	0	0	0	0
HLA-B*35:05:01	1	2690	0	0	0	0	0	0
HLA-B*35:08:01	1	2689	0	0	0	0	0	0
HLA-B*35:14:02	1	3327	0	0	0	0	0	0
HLA-B*35:241	1	3042	0	0	0	0	0	0
HLA-B*35:41	1	3327	0	0	0	0	0	0
HLA-B*37:01:01	1	3324	0	0	0	0	0	0
HLA-B*37:01:05	1	2687	0	0	0	0	0	0
HLA-B*38:01:01	1	3312	0	0	0	0	0	0
HLA-B*38:02:01	1	3312	0	0	0	0	0	0
HLA-B*38:14	1	2738	0	0	0	0	0	0
HLA-B*39:01:01:01	1	3155	0	0	0	0	0	0
HLA-B*39:01:01:02L	1	3153	0	0	0	0	0	0
HLA-B*39:01:01:03	1	3312	0	0	0	0	0	0
HLA-B*39:01:03	1	3155	0	0	0	0	0	0
HLA-B*39:01:16	1	3155	0	0	0	0	0	0
HLA-B*39:01:21	1	3312	0	0	0	0	0	0
HLA-B*39:05:01	1	2675	0	0	0	0	0	0
HLA-B*39:06:02	1	2674	0	0	0	0	0	0
HLA-B*39:10:01	1	3027	0	0	0	0	0	0
HLA-B*39:13:02	1	3255	0	0	0	0	0	0
HLA-B*39:14	1	2765	0	0	0	0	0	0
HLA-B*39:34	1	3254	0	0	0	0	0	0
HLA-B*39:38Q	1	2675	0	0	0	0	0	0
HLA-B*40:01:01	1	2676	0	0	0	0	0	0
HLA-B*40:01:02	1	3323	0	0	0	0	0	0
HLA-B*40:02:01	1	3258	0	0	0	0	0	0
HLA-B*40:03	1	2677	0	0	0	0	0	0
HLA-B*40:06:01:01	1	3325	0	0	0	0	0	0
HLA-B*40:06:01:02	1	3299	0	0	0	0	0	0
HLA-B*40:10:01	1	3304	0	0	0	0	0	0
HLA-B*40:150	1	2800	0	0	0	0	0	0
HLA-B*40:40	1	2677	0	0	0	0	0	0
HLA-B*40:72:01	1	3283	0	0	0	0	0	0
HLA-B*40:79	1	3257	0	0	0	0	0	0
HLA-B*41:01:01	1	3322	0	0	0	0	0	0
HLA-B*41:02:01	1	3322	0	0	0	0	0	0
HLA-B*42:01:01	1	3322	0	0	0	0	0	0
HLA-B*42:02	1	2675	0	0	0	0	0	0
HLA-B*42:08	1	3165	0	0	0	0	0	0
HLA-B*44:02:01:01	1	3323	0	0	0	0	0	0
HLA-B*44:02:01:02S	1	3152	0	0	0	0	0	0
HLA-B*44:02:01:03	1	3152	0	0	0	0	0	0
HLA-B*44:02:17	1	3323	0	0	0	0	0	0
HLA-B*44:02:27	1	2872	0	0	0	0	0	0
HLA-B*44:03:01	1	3323	0	0	0	0	0	0
HLA-B*44:03:02	1	2676	0	0	0	0	0	0
HLA-B*44:04	1	3239	0	0	0	0	0	0
HLA-B*44:09	1	3317	0	0	0	0	0	0
HLA-B*44:138Q	1	3043	0	0	0	0	0	0
HLA-B*44:150	1	2676	0	0	0	0	0	0
HLA-B*44:23N	1	3323	0	0	0	0	0	0
HLA-B*44:26	1	2804	0	0	0	0	0	0
HLA-B*44:46	1	3323	0	0	0	0	0	0
HLA-B*44:49	1	3039	0	0	0	0	0	0
HLA-B*44:56N	1	2676	0	0	0	0	0	0
HLA-B*45:01:01	1	3338	0	0	0	0	0	0
HLA-B*45:04	1	3339	0	0	0	0	0	0
HLA-B*46:01:01	1	3336	0	0	0	0	0	0
HLA-B*46:01:05	1	2891	0	0	0	0	0	0
HLA-B*47:01:01:01	1	3041	0	0	0	0	0	0
HLA-B*47:01:01:02	1	3041	0	0	0	0	0	0
HLA-B*48:01:01	1	3323	0	0	0	0	0	0
HLA-B*48:03:01	1	2676	0	0	0	0	0	0
HLA-B*48:04	1	2676	0	0	0	0	0	0
HLA-B*48:08	1	3323	0	0	0	0	0	0
HLA-B*49:01:01	1	3340	0	0	0	0	0	0
HLA-B*49:32	1	3340	0	0	0	0	0	0
HLA-B*50:01:01	1	3340	0	0	0	0	0	0
HLA-B*51:01:01	1	3327	0	0	0	0	0	0
HLA-B*51:01:02	1	3043	0	0	0	0	0	0
HLA-B*51:02:01	1	3327	0	0	0	0	0	0
HLA-B*51:07:01	1	3327	0	0	0	0	0	0
HLA-B*51:42	1	2962	0	0	0	0	0	0
HLA-B*52:01:01:01	1	3327	0	0	0	0	0	0
HLA-B*52:01:01:02	1	3327	0	0	0	0	0	0
HLA-B*52:01:01:03	1	3327	0	0	0	0	0	0
HLA-B*52:01:02	1	3327	0	0	0	0	0	0
HLA-B*53:01:01	1	3327	0	0	0	0	0	0
HLA-B*53:11	1	3274	0	0	0	0	0	0
HLA-B*54:01:01	1	3332	0	0	0	0	0	0
HLA-B*54:18	1	2813	0	0	0	0	0	0
HLA-B*55:01:01	1	3332	0	0	0	0	0	0
HLA-B*55:01:03	1	3332	0	0	0	0	0	0
HLA-B*55:02:01	1	3333	0	0	0	0	0	0
HLA-B*55:12	1	3332	0	0	0	0	0	0
HLA-B*55:24	1	3332	0	0	0	0	0	0
HLA-B*55:48	1	2980	0	0	0	0	0	0
HLA-B*56:01:01	1	2688	0	0	0	0	0	0
HLA-B*56:03	1	2688	0	0	0	0	0	0
HLA-B*56:04	1	2688	0	0	0	0	0	0
HLA-B*57:01:01	1	3337	0	0	0	0	0	0
HLA-B*57:03:01	1	2689	0	0	0	0	0	0
HLA-B*57:06	1	3284	0	0	0	0	0	0
HLA-B*57:11	1	3306	0	0	0	0	0	0
HLA-B*57:29	1	3337	0	0	0	0	0	0
HLA-B*58:01:01	1	3336	0	0	0	0	0	0
HLA-B*58:31N	1	3004	0	0	0	0	0	0
HLA-B*59:01:01:01	1	3333	0	0	0	0	0	0
HLA-B*59:01:01:02	1	3332	0	0	0	0	0	0
HLA-B*67:01:01	1	3312	0	0	0	0	0	0
HLA-B*67:01:02	1	2675	0	0	0	0	0	0
HLA-B*67:02	1	3307	0	0	0	0	0	0
HLA-B*73:01	1	3323	0	0	0	0	0	0
HLA-B*78:01:01	1	3327	0	0	0	0	0	0
HLA-B*81:01	1	2676	0	0	0	0	0	0
HLA-B*82:02:01	1	3050	0	0	0	0	0	0
HLA-C*01:02:01	1	3349	0	0	0	0	0	0
HLA-C*01:02:11	1	3057	0	0	0	0	0	0
HLA-C*01:02:29	1	3349	0	0	0	0	0	0
HLA-C*01:02:30	1	3333	0	0	0	0	0	0
HLA-C*01:03	1	3349	0	0	0	0	0	0
HLA-C*01:06	1	2895	0	0	0	0	0	0
HLA-C*01:08	1	3349	0	0	0	0	0	0
HLA-C*01:14	1	2895	0	0	0	0	0	0
HLA-C*01:21	1	2895	0	0	0	0	0	0
HLA-C*01:30	1	3349	0	0	0	0	0	0
HLA-C*01:40	1	2968	0	0	0	0	0	0
HLA-C*02:02:02:01	1	3347	0	0	0	0	0	0
HLA-C*02:02:02:02	1	3347	0	0	0	0	0	0
HLA-C*02:10	1	2893	0	0	0	0	0	0
HLA-C*02:11	1	3320	0	0	0	0	0	0
HLA-C*02:16:02	1	3029	0	0	0	0	0	0
HLA-C*02:69	1	2933	0	0	0	0	0	0
HLA-C*02:85	1	3347	0	0	0	0	0	0
HLA-C*02:86	1	3347	0	0	0	0	0	0
HLA-C*02:87	1	3064	0	0	0	0	0	0
HLA-C*03:02:01	1	2894	0	0	0	0	0	0
HLA-C*03:02:02:01	1	3348	0	0	0	0	0	0
HLA-C*03:02:02:02	1	2896	0	0	0	0	0	0
HLA-C*03:02:02:03	1	3348	0	0	0	0	0	0
HLA-C*03:03:01	1	3348	0	0	0	0	0	0
HLA-C*03:04:01:01	1	3348	0	0	0	0	0	0
HLA-C*03:04:01:02	1	3348	0	0	0	0	0	0
HLA-C*03:04:02	1	2877	0	0	0	0	0	0
HLA-C*03:04:04	1	2966	0	0	0	0	0	0
HLA-C*03:05	1	2894	0	0	0	0	0	0
HLA-C*03:06	1	2894	0	0	0	0	0	0
HLA-C*03:100	1	3034	0	0	0	0	0	0
HLA-C*03:13:01	1	3065	0	0	0	0	0	0
HLA-C*03:20N	1	3321	0	0	0	0	0	0
HLA-C*03:219	1	3070	0	0	0	0	0	0
HLA-C*03:261	1	3348	0	0	0	0	0	0
HLA-C*03:40:01	1	2894	0	0	0	0	0	0
HLA-C*03:41:02	1	3328	0	0	0	0	0	0
HLA-C*03:46	1	2997	0	0	0	0	0	0
HLA-C*03:61	1	2894	0	0	0	0	0	0
HLA-C*04:01:01:02	1	3349	0	0	0	0	0	0
HLA-C*04:01:01:03	1	3349	0	0	0	0	0	0
HLA-C*04:01:01:04	1	3012	0	0	0	0	0	0
HLA-C*04:01:01:05	1	2931	0	0	0	0	0	0
HLA-C*04:01:62	1	3329	0	0	0	0	0	0
HLA-C*04:03:01	1	3349	0	0	0	0	0	0
HLA-C*04:06	1	3349	0	0	0	0	0	0
HLA-C*04:09N	1	2991	0	0	0	0	0	0
HLA-C*04:128	1	3086	0	0	0	0	0	0
HLA-C*04:161	1	3237	0	0	0	0	0	0
HLA-C*04:177	1	3349	0	0	0	0	0	0
HLA-C*04:70	1	3058	0	0	0	0	0	0
HLA-C*04:71	1	3086	0	0	0	0	0	0
HLA-C*05:01:01:01	1	3349	0	0	0	0	0	0
HLA-C*05:01:01:02	1	3349	0	0	0	0	0	0
HLA-C*05:08	1	3059	0	0	0	0	0	0
HLA-C*05:09:01	1	3322	0	0	0	0	0	0
HLA-C*05:93	1	2946	0	0	0	0	0	0
HLA-C*06:02:01:01	1	3349	0	0	0	0	0	0
HLA-C*06:02:01:02	1	3349	0	0	0	0	0	0
HLA-C*06:02:01:03	1	3349	0	0	0	0	0	0
HLA-C*06:23	1	3349	0	0	0	0	0	0
HLA-C*06:24	1	3349	0	0	0	0	0	0
HLA-C*06:46N	1	2987	0	0	0	0	0	0
HLA-C*07:01:01:01	1	3354	0	0	0	0	0	0
HLA-C*07:01:01:02	1	3093	0	0	0	0	0	0
HLA-C*07:01:02	1	3352	0	0	0	0	0	0
HLA-C*07:01:19	1	3354	0	0	0	0	0	0
HLA-C*07:01:27	1	3195	0	0	0	0	0	0
HLA-C*07:01:45	1	3354	0	0	0	0	0	0
HLA-C*07:02:01:01	1	3354	0	0	0	0	0	0
HLA-C*07:02:01:02	1	3074	0	0	0	0	0	0
HLA-C*07:02:01:03	1	3354	0	0	0	0	0	0
HLA-C*07:02:01:04	1	3353	0	0	0	0	0	0
HLA-C*07:02:01:05	1	3354	0	0	0	0	0	0
HLA-C*07:02:05	1	2903	0	0	0	0	0	0
HLA-C*07:02:06	1	3354	0	0	0	0	0	0
HLA-C*07:02:64	1	3354	0	0	0	0	0	0
HLA-C*07:04:01	1	3354	0	0	0	0	0	0
HLA-C*07:04:02	1	3343	0	0	0	0	0	0
HLA-C*07:06	1	3354	0	0	0	0	0	0
HLA-C*07:149	1	3098	0	0	0	0	0	0
HLA-C*07:18	1	3353	0	0	0	0	0	0
HLA-C*07:19	1	3222	0	0	0	0	0	0
HLA-C*07:26	1	3069	0	0	0	0	0	0
HLA-C*07:30	1	2903	0	0	0	0	0	0
HLA-C*07:32N	1	3334	0	0	0	0	0	0
HLA-C*07:384	1	3349	0	0	0	0	0	0
HLA-C*07:385	1	3354	0	0	0	0	0	0
HLA-C*07:386	1	3183	0	0	0	0	0	0
HLA-C*07:391	1	3354	0	0	0	0	0	0
HLA-C*07:392	1	3354	0	0	0	0	0	0
HLA-C*07:49	1	2935	0	0	0	0	0	0
HLA-C*07:56:02	1	3354	0	0	0	0	0	0
HLA-C*07:66	1	3354	0	0	0	0	0	0
HLA-C*07:67	1	3354	0	0	0	0	0	0
HLA-C*08:01:01	1	3349	0	0	0	0	0	0
HLA-C*08:01:03	1	2998	0	0	0	0	0	0
HLA-C*08:02:01:01	1	3349	0	0	0	0	0	0
HLA-C*08:02:01:02	1	3349	0	0	0	0	0	0
HLA-C*08:03:01	1	3349	0	0	0	0	0	0
HLA-C*08:04:01	1	2895	0	0	0	0	0	0
HLA-C*08:112	1	3178	0	0	0	0	0	0
HLA-C*08:20	1	3349	0	0	0	0	0	0
HLA-C*08:21	1	3349	0	0	0	0	0	0
HLA-C*08:22	1	3349	0	0	0	0	0	0
HLA-C*08:24	1	2895	0	0	0	0	0	0
HLA-C*08:27	1	3349	0	0	0	0	0	0
HLA-C*08:36N	1	3097	0	0	0	0	0	0
HLA-C*08:40	1	2978	0	0	0	0	0	0
HLA-C*08:41	1	3019	0	0	0	0	0	0
HLA-C*08:62	1	3086	0	0	0	0	0	0
HLA-C*12:02:02	1	3349	0	0	0	0	0	0
HLA-C*12:03:01:01	1	3349	0	0	0	0	0	0
HLA-C*12:03:01:02	1	3348	0	0	0	0	0	0
HLA-C*12:08	1	3066	0	0	0	0	0	0
HLA-C*12:13	1	3058	0	0	0	0	0	0
HLA-C*12:19	1	3349	0	0	0	0	0	0
HLA-C*12:22	1	2895	0	0	0	0	0	0
HLA-C*14:02:01	1	3349	0	0	0	0	0	0
HLA-C*14:03	1	3349	0	0	0	0	0	0
HLA-C*14:21N	1	3099	0	0	0	0	0	0
HLA-C*14:23	1	2976	0	0	0	0	0	0
HLA-C*15:02:01	1	3349	0	0	0	0	0	0
HLA-C*15:05:01	1	3349	0	0	0	0	0	0
HLA-C*15:05:02	1	3349	0	0	0	0	0	0
HLA-C*15:13	1	2895	0	0	0	0	0	0
HLA-C*15:16	1	3066	0	0	0	0	0	0
HLA-C*15:17	1	3349	0	0	0	0	0	0
HLA-C*15:96Q	1	3349	0	0	0	0	0	0
HLA-C*16:01:01	1	3349	0	0	0	0	0	0
HLA-C*16:02:01	1	2895	0	0	0	0	0	0
HLA-C*16:04:01	1	3349	0	0	0	0	0	0
HLA-C*17:01:01:01	1	3368	0	0	0	0	0	0
HLA-C*17:01:01:02	1	3368	0	0	0	0	0	0
HLA-C*17:01:01:03	1	3368	0	0	0	0	0	0
HLA-C*17:03	1	3197	0	0	0	0	0	0
HLA-C*18:01	1	3346	0	0	0	0	0	0
HLA-DQA1*01:01:02	1	6489	0	0	0	0	0	0
HLA-DQA1*01:02:01:01	1	6484	0	0	0	0	0	0
HLA-DQA1*01:02:01:02	1	6485	0	0	0	0	0	0
HLA-DQA1*01:02:01:03	1	6485	0	0	0	0	0	0
HLA-DQA1*01:02:01:04	1	6492	0	0	0	0	0	0
HLA-DQA1*01:03:01:01	1	6485	0	0	0	0	0	0
HLA-DQA1*01:03:01:02	1	6492	0	0	0	0	0	0
HLA-DQA1*01:04:01:02	1	6485	0	0	0	0	0	0
HLA-DQA1*01:05:01	1	6485	0	0	0	0	0	0
HLA-DQA1*01:07	1	5959	0	0	0	0	0	0
HLA-DQA1*01:10	1	5790	0	0	0	0	0	0
HLA-DQA1*01:11	1	5926	0	0	0	0	0	0
HLA-DQA1*02:01	1	6403	0	0	0	0	0	0
HLA-DQA1*03:01:01	1	6437	0	0	0	0	0	0
HLA-DQA1*03:02	1	6437	0	0	0	0	0	0
HLA-DQA1*03:03:01	1	6437	0	0	0	0	0	0
HLA-DQA1*04:01:02:01	1	5853	0	0	0	0	0	0
HLA-DQA1*04:01:02:02	1	5666	0	0	0	0	0	0
HLA-DQA1*04:02	1	6210	0	0	0	0	0	0
HLA-DQA1*05:01:01:01	1	5806	0	0	0	0	0	0
HLA-DQA1*05:01:01:02	1	6529	0	0	0	0	0	0
HLA-DQA1*05:03	1	6121	0	0	0	0	0	0
HLA-DQA1*05:05:01:01	1	6593	0	0	0	0	0	0
HLA-DQA1*05:05:01:02	1	6597	0	0	0	0	0	0
HLA-DQA1*05:05:01:03	1	6393	0	0	0	0	0	0
HLA-DQA1*05:11	1	6589	0	0	0	0	0	0
HLA-DQA1*06:01:01	1	5878	0	0	0	0	0	0
HLA-DQB1*02:01:01	1	7480	0	0	0	0	0	0
HLA-DQB1*02:02:01	1	7471	0	0	0	0	0	0
HLA-DQB1*03:01:01:01	1	7231	0	0	0	0	0	0
HLA-DQB1*03:01:01:02	1	7230	0	0	0	0	0	0
HLA-DQB1*03:01:01:03	1	7231	0	0	0	0	0	0
HLA-DQB1*03:02:01	1	7126	0	0	0	0	0	0
HLA-DQB1*03:03:02:01	1	7126	0	0	0	0	0	0
HLA-DQB1*03:03:02:02	1	7126	0	0	0	0	0	0
HLA-DQB1*03:03:02:03	1	6800	0	0	0	0	0	0
HLA-DQB1*03:05:01	1	6934	0	0	0	0	0	0
HLA-DQB1*05:01:01:01	1	7090	0	0	0	0	0	0
HLA-DQB1*05:03:01:02	1	7089	0	0	0	0	0	0
HLA-DQB1*06:01:01	1	7111	0	0	0	0	0	0
HLA-DQB1*06:02:01	1	7102	0	0	0	0	0	0
HLA-DQB1*06:03:01	1	7103	0	0	0	0	0	0
HLA-DQB1*06:09:01	1	7102	0	0	0	0	0	0
HLA-DRB1*01:01:01	1	10741	0	0	0	0	0	0
HLA-DRB1*01:02:01	1	11229	0	0	0	0	0	0
HLA-DRB1*03:01:01:01	1	13908	0	0	0	0	0	0
HLA-DRB1*03:01:01:02	1	13426	0	0	0	0	0	0
HLA-DRB1*07:01:01:01	1	16110	0	0	0	0	0	0
HLA-DRB1*07:01:01:02	1	16120	0	0	0	0	0	0
HLA-DRB1*08:03:02	1	13562	0	0	0	0	0	0
HLA-DRB1*09:21	1	16039	0	0	0	0	0	0
HLA-DRB1*11:01:01	1	13921	0	0	0	0	0	0
HLA-DRB1*11:01:02	1	13931	0	0	0	0	0	0
HLA-DRB1*11:04:01	1	13919	0	0	0	0	0	0
HLA-DRB1*12:01:01	1	13404	0	0	0	0	0	0
HLA-DRB1*12:17	1	11260	0	0	0	0	0	0
HLA-DRB1*13:01:01	1	13935	0	0	0	0	0	0
HLA-DRB1*13:02:01	1	13941	0	0	0	0	0	0
HLA-DRB1*14:05:01	1	13933	0	0	0	0	0	0
HLA-DRB1*14:54:01	1	13936	0	0	0	0	0	0
HLA-DRB1*15:01:01:01	1	11080	0	0	0	0	0	0
HLA-DRB1*15:01:01:02	1	11571	0	0	0	0	0	0
HLA-DRB1*15:01:01:03	1	11056	0	0	0	0	0	0
HLA-DRB1*15:01:01:04	1	11056	0	0	0	0	0	0
HLA-DRB1*15:02:01	1	10313	0	0	0	0	0	0
HLA-DRB1*15:03:01:01	1	11567	0	0	0	0	0	0
HLA-DRB1*15:03:01:02	1	11569	0	0	0	0	0	0
HLA-DRB1*16:02:01	1	11005	0	0	0	0	0	0
